node,pos_weight,neg_weight,type,tension
晏,0.0,0.0047,negative_only,0.0
衢,0.0168,0.0,positive_only,0.0
旆,0.0116,0.0,positive_only,0.0
功,6.0306999999999995,0.0,positive_only,0.0
臾,0.003,0.0,positive_only,0.0
痕,0.0,1.5265,negative_only,0.0
飖,0.0059,0.0,positive_only,0.0
湘,0.0,0.0234,negative_only,0.0
穷,0.0072,0.0,positive_only,0.0
数,0.0,0.0242,negative_only,0.0
连,0.0,0.018099999999999998,negative_only,0.0
思,0.0045,0.1043,cross,0.04314477468839884
军,0.0076,0.0,positive_only,0.0
雪,1.5241,0.0377,cross,0.024735909717210156
木,0.0,1.5534000000000001,negative_only,0.0
丞,0.015,0.0,positive_only,0.0
战,0.0,0.038099999999999995,negative_only,0.0
飞,8.9664,0.0,positive_only,0.0
户,0.0149,0.0,positive_only,0.0
情,0.0017,1.5175999999999998,cross,0.0011201897733263049
猛,0.0,0.0113,negative_only,0.0
叠,0.0,0.0031,negative_only,0.0
汉,0.018600000000000002,0.0094,cross,0.5053763440860215
访,0.0,0.0021,negative_only,0.0
霄,0.0381,0.0,positive_only,0.0
峡,0.0,0.0116,negative_only,0.0
辉,0.0247,0.0,positive_only,0.0
斗,0.0,0.002,negative_only,0.0
南,0.0556,0.035,cross,0.6294964028776979
殿,0.029400000000000003,0.0,positive_only,0.0
条,0.0009,0.0,positive_only,0.0
门,0.0494,0.0388,cross,0.785425101214575
相,3.043,0.079,cross,0.02596122247781794
子,0.0414,0.0693,cross,0.5974025974025974
泉,0.0078,1.5141,cross,0.00515157519318407
骚,0.0065,0.0,positive_only,0.0
机,0.0,0.0009,negative_only,0.0
忽,0.0102,0.0,positive_only,0.0
盘,1.5055,0.0,positive_only,0.0
官,0.0365,0.0,positive_only,0.0
两,0.0,0.0059,negative_only,0.0
汀,0.0,0.0161,negative_only,0.0
物,1.541,0.0,positive_only,0.0
重,0.0328,0.012199999999999999,cross,0.37195121951219506
老,0.0102,0.0358,cross,0.28491620111731847
期,1.5046,0.0067,cross,0.0044530107669812575
悲,0.0,1.5022,negative_only,0.0
他,0.0,0.0247,negative_only,0.0
交,0.0031,0.0,positive_only,0.0
繁,1.5109,0.0,positive_only,0.0
遇,1.497,0.0,positive_only,0.0
士,1.5168,0.0135,cross,0.008900316455696203
草,2.987,0.09960000000000001,cross,0.03334449280214262
滨,0.0072,0.0,positive_only,0.0
起,0.0,0.0086,negative_only,0.0
淮,0.0059,0.0,positive_only,0.0
微,0.0437,0.0258,cross,0.5903890160183066
苦,0.0,4.5324,negative_only,0.0
鬓,0.0,0.0101,negative_only,0.0
八,0.0,0.024,negative_only,0.0
九,1.6142999999999998,0.0122,cross,0.007557455243758906
间,0.0108,0.0173,cross,0.6242774566473989
单,0.0,0.0103,negative_only,0.0
今,0.0,0.0194,negative_only,0.0
芜,0.0,0.0136,negative_only,0.0
商,0.0,0.0013,negative_only,0.0
望,0.006,1.5692,cross,0.0038236043843996943
游,0.0025,0.034100000000000005,cross,0.07331378299120234
月,6.0069,1.6478,cross,0.27431786778538014
浮,0.0042,0.019799999999999998,cross,0.21212121212121213
阶,1.5070000000000001,0.0,positive_only,0.0
牛,0.0,0.0173,negative_only,0.0
阙,0.059899999999999995,0.0062,cross,0.10350584307178631
鸾,0.0245,0.0,positive_only,0.0
渡,0.0,0.009,negative_only,0.0
见,0.0039,0.0,positive_only,0.0
夜,0.0018,0.1738,cross,0.010356731875719217
病,0.0,0.0248,negative_only,0.0
伤,0.0,1.5062,negative_only,0.0
陌,0.0345,0.0,positive_only,0.0
文,0.0056,0.0,positive_only,0.0
浪,0.0,0.0017,negative_only,0.0
走,0.018,0.0,positive_only,0.0
龙,4.5153,0.0,positive_only,0.0
顾,0.0071,0.0,positive_only,0.0
赤,0.0,0.0006,negative_only,0.0
闭,0.0,0.0102,negative_only,0.0
道,0.016399999999999998,0.0341,cross,0.48093841642228735
忧,0.0,1.5061,negative_only,0.0
父,0.0,0.0067,negative_only,0.0
旌,0.0281,0.0,positive_only,0.0
桃,0.0097,0.0028,cross,0.28865979381443296
亲,0.012,0.0,positive_only,0.0
景,0.0048,0.0057,cross,0.8421052631578946
规,0.0,0.0231,negative_only,0.0
台,0.0174,0.0166,cross,0.9540229885057472
石,0.0028,0.0192,cross,0.14583333333333334
垂,0.011300000000000001,1.4909,cross,0.007579314508015294
侯,0.0152,0.0079,cross,0.5197368421052632
登,0.0058,0.0071,cross,0.8169014084507041
冰,0.0,0.0005,negative_only,0.0
清,1.5642,1.5357,cross,0.9817798235519755
低,0.0078,0.0,positive_only,0.0
化,0.0159,0.0,positive_only,0.0
在,0.0,0.0095,negative_only,0.0
男,0.0071,0.0,positive_only,0.0
城,1.5776999999999999,1.5789000000000002,cross,0.9992399771993158
易,0.0,0.0099,negative_only,0.0
裳,0.0,0.023899999999999998,negative_only,0.0
临,0.0,0.0134,negative_only,0.0
兄,0.0,0.0129,negative_only,0.0
山,0.0372,1.6663000000000001,cross,0.022324911480525712
银,0.0,0.0027,negative_only,0.0
粉,0.0028,0.0,positive_only,0.0
马,0.07089999999999999,0.0359,cross,0.5063469675599437
寥,0.0066,0.0,positive_only,0.0
朱,0.0209,0.0187,cross,0.8947368421052633
从,0.0056,0.0112,cross,0.5
万,0.1521,0.0713,cross,0.4687705456936226
稽,0.016,0.0,positive_only,0.0
澜,0.0,0.0085,negative_only,0.0
千,0.1289,0.0349,cross,0.2707525213343678
锦,0.0017,0.0,positive_only,0.0
尝,0.0009,0.0,positive_only,0.0
精,0.0048,0.0,positive_only,0.0
杳,0.0,1.4964,negative_only,0.0
看,0.0021,0.0254,cross,0.0826771653543307
积,0.0,0.0041,negative_only,0.0
经,0.0,0.019,negative_only,0.0
东,0.0329,0.0346,cross,0.9508670520231214
瀛,0.019,0.0,positive_only,0.0
宝,0.0,0.0004,negative_only,0.0
壁,0.0,0.0062,negative_only,0.0
绣,0.0064,0.0,positive_only,0.0
玉,19.5616,0.0,positive_only,0.0
光,0.0753,1.4832999999999998,cross,0.050765185734510894
十,0.0169,0.0192,cross,0.8802083333333334
恩,0.0373,0.0,positive_only,0.0
洁,0.0,0.0015,negative_only,0.0
遥,0.0025,0.0094,cross,0.26595744680851063
半,0.0,0.0295,negative_only,0.0
帝,0.0181,0.0022,cross,0.12154696132596685
衣,1.5341,0.025599999999999998,cross,0.016687308519653214
归,0.0024,1.6748,cross,0.0014330069262001432
忆,0.0,0.024300000000000002,negative_only,0.0
旗,0.0077,0.0,positive_only,0.0
翼,0.0001,0.0,positive_only,0.0
蛾,0.0,0.0047,negative_only,0.0
钟,0.0,0.0093,negative_only,0.0
落,0.0,18.0102,negative_only,0.0
暖,1.5037,0.0,positive_only,0.0
恨,0.0,3.0,negative_only,0.0
鸿,0.0,0.0119,negative_only,0.0
洛,0.0211,0.0,positive_only,0.0
楚,0.0,0.0885,negative_only,0.0
初,1.5183,0.0,positive_only,0.0
眼,1.4927,0.0,positive_only,0.0
杯,0.0063,0.0,positive_only,0.0
野,0.0009,0.0299,cross,0.030100334448160536
蝉,0.0,0.0227,negative_only,0.0
呜,0.0,0.0345,negative_only,0.0
终,0.0302,0.0235,cross,0.7781456953642384
佳,6.0318,0.0,positive_only,0.0
树,3.0017,0.0526,cross,0.017523403404737316
壶,1.5202,0.0,positive_only,0.0
神,0.0177,0.0028,cross,0.1581920903954802
鹤,0.0032,0.0035,cross,0.9142857142857143
转,0.0096,0.0,positive_only,0.0
壮,1.5128,0.0,positive_only,0.0
晨,0.0,0.0064,negative_only,0.0
居,0.0023,0.0135,cross,0.17037037037037037
岸,0.0,0.0016,negative_only,0.0
土,0.0066,0.0,positive_only,0.0
灯,0.0,1.5275999999999998,negative_only,0.0
坐,0.0,1.5028,negative_only,0.0
青,0.056,1.5418,cross,0.03632118303281878
摇,0.0,1.5026,negative_only,0.0
太,0.0328,0.0081,cross,0.2469512195121951
砂,0.0079,0.0,positive_only,0.0
江,0.0467,0.1679,cross,0.27814175104228706
同,0.0077,0.0,positive_only,0.0
梧,0.0,0.0179,negative_only,0.0
程,0.0,0.0141,negative_only,0.0
仙,0.0272,0.0,positive_only,0.0
百,0.0234,0.0295,cross,0.7932203389830509
松,0.0041,0.036,cross,0.1138888888888889
说,0.0,0.0082,negative_only,0.0
源,0.0058,0.0,positive_only,0.0
御,0.0208,0.0,positive_only,0.0
烟,0.0166,0.0873,cross,0.19014891179839633
妻,0.0,0.012,negative_only,0.0
细,0.0,0.0112,negative_only,0.0
莲,0.0025,0.0,positive_only,0.0
乡,0.0196,0.1538,cross,0.12743823146944083
迟,0.0043,0.0,positive_only,0.0
火,0.0,0.0283,negative_only,0.0
极,0.0,0.007600000000000001,negative_only,0.0
冥,0.0,2.9943,negative_only,0.0
言,0.0054,0.004,cross,0.7407407407407407
咫,0.0017,0.0,positive_only,0.0
须,0.003,0.0,positive_only,0.0
含,0.0,0.0148,negative_only,0.0
竹,0.0175,0.0083,cross,0.47428571428571425
金,1.5929000000000002,0.0104,cross,0.006528972314646241
波,0.0,0.047400000000000005,negative_only,0.0
湿,0.0,0.0147,negative_only,0.0
里,0.0189,0.06,cross,0.315
依,0.0,0.0332,negative_only,0.0
掩,0.0,0.0081,negative_only,0.0
广,0.002,0.0,positive_only,0.0
旧,0.0,0.048,negative_only,0.0
郭,0.0,0.002,negative_only,0.0
计,0.0058,0.0,positive_only,0.0
节,0.0,0.0072,negative_only,0.0
宇,0.0148,0.0,positive_only,0.0
纵,0.0053,0.0,positive_only,0.0
叹,0.004,0.0084,cross,0.4761904761904762
等,0.0,0.0041,negative_only,0.0
明,16.5915,0.0,positive_only,0.0
童,0.0,0.0056,negative_only,0.0
廓,0.0066,0.0,positive_only,0.0
船,0.0201,0.0,positive_only,0.0
醒,0.0,0.0238,negative_only,0.0
芦,0.0,0.0163,negative_only,0.0
雾,0.0011,0.0,positive_only,0.0
黄,0.025400000000000002,1.5519,cross,0.01636703395837361
残,0.0004,0.0655,cross,0.0061068702290076335
晚,0.0,0.027,negative_only,0.0
主,1.5275,0.0048,cross,0.0031423895253682482
馀,0.0049,0.0185,cross,0.2648648648648649
荡,0.0023,0.0,positive_only,0.0
丈,0.0053,0.0,positive_only,0.0
口,0.0,0.0052,negative_only,0.0
珍,0.0,0.0033,negative_only,0.0
当,0.0071,0.0,positive_only,0.0
世,0.0177,0.0073999999999999995,cross,0.4180790960451977
鸟,1.4976,0.0483,cross,0.03225160256410257
送,0.0,0.0119,negative_only,0.0
武,0.0005,0.0,positive_only,0.0
馨,1.5083,0.0,positive_only,0.0
年,3.0578,0.0769,cross,0.025148799790699197
琼,0.0071,0.0,positive_only,0.0
叶,0.0,3.0477000000000003,negative_only,0.0
觉,0.0024,0.0,positive_only,0.0
音,0.0,0.032299999999999995,negative_only,0.0
怀,0.0,0.014,negative_only,0.0
白,1.5308,0.0725,cross,0.04736085706819963
坤,0.0148,0.0,positive_only,0.0
肉,0.0,0.0122,negative_only,0.0
裴,0.0008,0.0,positive_only,0.0
激,0.0,0.0059,negative_only,0.0
边,0.0,0.0822,negative_only,0.0
兴,1.5248,0.0,positive_only,0.0
萧,0.0,6.0,negative_only,0.0
姑,0.0,0.0013,negative_only,0.0
壑,0.0,0.002,negative_only,0.0
鲈,0.0017,0.0,positive_only,0.0
丹,0.021900000000000003,0.0,positive_only,0.0
犬,0.0011,0.0,positive_only,0.0
远,0.0046,1.5821,cross,0.0029075279691549204
廷,0.0,0.0023,negative_only,0.0
业,1.5145,0.0,positive_only,0.0
啸,0.0018,0.0,positive_only,0.0
出,0.0003,0.0324,cross,0.009259259259259259
卧,0.0067,0.0,positive_only,0.0
夫,0.0166,0.0004,cross,0.024096385542168676
片,0.0,0.0041,negative_only,0.0
枝,0.008,0.028200000000000003,cross,0.2836879432624113
勤,0.0,0.012499999999999999,negative_only,0.0
气,1.5501,0.0,positive_only,0.0
画,1.5101,0.0139,cross,0.00920468843122972
句,1.5136,0.0005,cross,0.000330338266384778
朝,0.0348,0.007300000000000001,cross,0.20977011494252878
饮,0.0121,0.0,positive_only,0.0
枯,0.0,0.0033,negative_only,0.0
读,0.0,0.0117,negative_only,0.0
沟,0.0046,0.0,positive_only,0.0
时,0.0,1.5145,negative_only,0.0
皎,0.0,0.0139,negative_only,0.0
直,0.0,0.0032,negative_only,0.0
容,0.0,0.0099,negative_only,0.0
花,3.0382,3.0521000000000003,cross,0.995445758657973
随,0.0003,0.018,cross,0.016666666666666666
北,0.0191,0.0204,cross,0.9362745098039215
浦,0.0,0.0257,negative_only,0.0
拂,0.0085,0.0,positive_only,0.0
欢,1.5213,0.0,positive_only,0.0
乐,3.0269,0.0,positive_only,0.0
骑,0.0045,0.0,positive_only,0.0
徒,0.0,0.0076,negative_only,0.0
对,0.01,0.0143,cross,0.6993006993006993
肠,0.0,3.0604,negative_only,0.0
氛,0.0101,0.0,positive_only,0.0
晴,2.9992,0.0,positive_only,0.0
离,0.0,17.9722,negative_only,0.0
露,0.0207,0.055,cross,0.37636363636363634
醉,0.0173,0.0,positive_only,0.0
怜,0.0,0.0061,negative_only,0.0
冠,0.018,0.0,positive_only,0.0
攀,0.0005,0.0,positive_only,0.0
缕,0.0,0.004,negative_only,0.0
然,1.5149,0.028200000000000003,cross,0.018615090104957425
还,0.0044,0.0038,cross,0.8636363636363635
傍,0.0,0.0057,negative_only,0.0
去,1.4958,0.0546,cross,0.03650220617729643
嘶,0.0,0.0108,negative_only,0.0
况,0.0,0.0018,negative_only,0.0
才,0.0153,0.0,positive_only,0.0
净,0.0,0.0048,negative_only,0.0
荣,0.0,0.0033,negative_only,0.0
稚,0.0,0.0049,negative_only,0.0
桂,0.0008,0.011,cross,0.07272727272727274
绝,0.0,3.0,negative_only,0.0
欹,0.0,0.0136,negative_only,0.0
笙,0.0,0.0003,negative_only,0.0
辰,0.0188,0.0,positive_only,0.0
州,1.5185,0.0011,cross,0.0007243990780375371
满,12.0059,0.0184,cross,0.0015325798149243288
蘋,0.0,0.0113,negative_only,0.0
荒,0.0,1.5151,negative_only,0.0
变,0.0036,0.0,positive_only,0.0
利,0.0006,0.0,positive_only,0.0
动,0.0,0.0122,negative_only,0.0
宿,0.0,0.0022,negative_only,0.0
乔,0.0,0.0017,negative_only,0.0
声,0.0157,0.0984,cross,0.15955284552845528
但,0.0039,0.0,positive_only,0.0
早,0.0,0.0118,negative_only,0.0
鱼,1.5110000000000001,0.0014,cross,0.0009265387160820648
屋,0.011,0.0084,cross,0.7636363636363637
管,0.030699999999999998,0.0,positive_only,0.0
珠,1.5052,0.0058,cross,0.00385330853042785
都,0.0028,0.0,positive_only,0.0
斜,0.0,0.036199999999999996,negative_only,0.0
象,0.0071,0.0,positive_only,0.0
霓,0.0,0.01,negative_only,0.0
昨,0.0001,0.0062,cross,0.01612903225806452
争,0.0,0.0171,negative_only,0.0
夕,0.0011,0.0128,cross,0.0859375
阴,0.0305,0.0035,cross,0.11475409836065574
想,0.0025,0.0,positive_only,0.0
角,0.001,0.0,positive_only,0.0
罗,0.0,0.0070999999999999995,negative_only,0.0
岐,0.0,0.025799999999999997,negative_only,0.0
稀,0.0,0.0136,negative_only,0.0
日,3.0294,4.5907,cross,0.6598993617531095
尺,0.0065,0.0,positive_only,0.0
村,0.0,0.0159,negative_only,0.0
猿,0.0,0.0426,negative_only,0.0
影,0.0,0.0166,negative_only,0.0
群,0.0,1.493,negative_only,0.0
绮,0.0,0.0052,negative_only,0.0
淹,0.0054,0.0,positive_only,0.0
宾,0.0026,0.0,positive_only,0.0
美,3.0046999999999997,0.0,positive_only,0.0
怅,0.0,1.5046,negative_only,0.0
犹,0.0,0.0148,negative_only,0.0
国,0.0404,0.06670000000000001,cross,0.6056971514242877
守,0.0146,0.0,positive_only,0.0
忘,0.0,0.0009,negative_only,0.0
断,0.0,6.0604,negative_only,0.0
向,0.0,1.5152,negative_only,0.0
丝,0.029,0.0,positive_only,0.0
樵,0.0,0.0047,negative_only,0.0
贤,0.006,0.0,positive_only,0.0
沙,0.0,0.022000000000000002,negative_only,0.0
溟,0.0098,0.0,positive_only,0.0
京,3.0318,0.0,positive_only,0.0
吟,0.0042,1.5089000000000001,cross,0.00278348465769766
家,0.0251,0.0219,cross,0.8725099601593624
凉,0.0,6.0283999999999995,negative_only,0.0
帆,0.0,1.5148,negative_only,0.0
僧,0.0,0.0125,negative_only,0.0
昼,0.0018,0.0,positive_only,0.0
杨,0.007,0.0165,cross,0.42424242424242425
晓,0.0,0.0008,negative_only,0.0
洞,0.0,0.0151,negative_only,0.0
昏,0.0,1.5001,negative_only,0.0
鸡,0.0011,0.0099,cross,0.1111111111111111
鼙,0.0016,0.0,positive_only,0.0
宵,0.0,0.0051,negative_only,0.0
色,0.0208,0.0589,cross,0.3531409168081494
古,0.0,0.0847,negative_only,0.0
王,1.5099,0.0,positive_only,0.0
先,0.0,0.0026,negative_only,0.0
己,0.0104,0.0,positive_only,0.0
埃,0.0,0.0052,negative_only,0.0
平,1.533,0.0526,cross,0.03431180691454664
曲,0.0105,0.0,positive_only,0.0
征,0.0,0.0595,negative_only,0.0
襄,0.0,0.0019,negative_only,0.0
力,0.0,0.0028,negative_only,0.0
林,0.008499999999999999,0.0254,cross,0.33464566929133854
事,0.0,0.0465,negative_only,0.0
始,0.0024,0.0,positive_only,0.0
鹃,0.0,0.023,negative_only,0.0
车,0.0097,0.0,positive_only,0.0
柳,0.0171,0.0,positive_only,0.0
杀,0.0043,1.5211999999999999,cross,0.0028267157507231135
携,0.0,0.0155,negative_only,0.0
刺,0.0117,0.0,positive_only,0.0
立,0.0,1.5009,negative_only,0.0
妆,1.4998,0.0,positive_only,0.0
史,0.0279,0.0,positive_only,0.0
过,0.0,0.0125,negative_only,0.0
乘,1.5486,0.0,positive_only,0.0
风,0.0947,3.2443,cross,0.02918965570384983
鸣,0.0,0.0244,negative_only,0.0
烽,0.0,0.0143,negative_only,0.0
入,0.0,0.0029,negative_only,0.0
幽,0.0,1.5056,negative_only,0.0
贱,0.0,0.0047,negative_only,0.0
谢,0.0003,0.0,positive_only,0.0
茂,1.5062,0.0,positive_only,0.0
泪,0.0,4.5463,negative_only,0.0
虚,0.0063,0.0026,cross,0.4126984126984127
枕,0.0,0.0136,negative_only,0.0
浩,0.0023,0.0,positive_only,0.0
意,0.0313,0.0,positive_only,0.0
湖,0.0,0.0015,negative_only,0.0
炉,0.0094,0.0,positive_only,0.0
干,0.0024,0.0138,cross,0.17391304347826086
章,0.0201,0.0005,cross,0.024875621890547265
笑,3.0247,0.0,positive_only,0.0
骏,0.0276,0.0,positive_only,0.0
碧,1.5070000000000001,1.507,cross,0.9999999999999999
羊,0.0,0.0173,negative_only,0.0
藓,0.0,0.0142,negative_only,0.0
飘,0.0091,0.0058,cross,0.6373626373626373
荆,0.0,0.008,negative_only,0.0
卿,0.0123,0.0,positive_only,0.0
吹,0.0011,0.0109,cross,0.10091743119266056
楼,1.5787,0.0475,cross,0.03008804712738329
礼,1.529,0.0,positive_only,0.0
彩,0.0048,0.0,positive_only,0.0
滴,0.0,0.0201,negative_only,0.0
狂,0.0,0.0034999999999999996,negative_only,0.0
客,0.0108,1.6506999999999998,cross,0.0065426788635124505
贵,0.0084,0.0,positive_only,0.0
英,1.5329,0.0,positive_only,0.0
下,0.0133,0.0,positive_only,0.0
阳,0.0525,0.0793,cross,0.6620428751576293
雄,1.5329,0.0,positive_only,0.0
长,0.0054,0.037,cross,0.14594594594594595
羽,0.0033,0.0,positive_only,0.0
郎,0.0039,0.0,positive_only,0.0
天,0.0688,1.5816999999999999,cross,0.04349750268698237
异,0.0,0.0243,negative_only,0.0
大,0.0195,0.0126,cross,0.6461538461538462
薜,0.0,0.0122,negative_only,0.0
回,0.0051,0.0217,cross,0.2350230414746544
折,0.0005,0.0,positive_only,0.0
心,0.0070999999999999995,3.0517,cross,0.002326572074581381
愁,0.0,4.5288,negative_only,0.0
凤,0.0407,0.0,positive_only,0.0
梦,0.0,0.0941,negative_only,0.0
驱,0.0,0.0057,negative_only,0.0
开,0.0,0.0001,negative_only,0.0
杜,0.0,0.023,negative_only,0.0
鬼,0.0005,0.0,positive_only,0.0
紫,0.0466,0.0068,cross,0.14592274678111586
溪,0.0,0.0246,negative_only,0.0
富,0.0084,0.0,positive_only,0.0
复,0.0,0.0018,negative_only,0.0
造,0.0123,0.0,positive_only,0.0
海,0.0218,0.008700000000000001,cross,0.3990825688073395
烛,0.0155,0.0,positive_only,0.0
酒,1.5341,0.0335,cross,0.021836907633139953
俗,0.0187,0.0,positive_only,0.0
骢,0.0089,0.0,positive_only,0.0
津,0.011,0.0,positive_only,0.0
逢,3.0047,0.0,positive_only,0.0
川,0.0045,0.0,positive_only,0.0
塞,0.0,0.0132,negative_only,0.0
虎,1.504,0.0113,cross,0.007513297872340425
轩,0.0042,0.0,positive_only,0.0
鹿,0.0051,0.0,positive_only,0.0
茫,0.0,6.0,negative_only,0.0
于,0.0,0.0103,negative_only,0.0
房,0.0,0.0151,negative_only,0.0
晖,0.0,1.4957,negative_only,0.0
圣,1.5754,0.0,positive_only,0.0
琐,0.014,0.0,positive_only,0.0
欲,0.0,1.5328,negative_only,0.0
宙,0.0148,0.0,positive_only,0.0
端,0.0,0.0041,negative_only,0.0
常,0.0,0.0022,negative_only,0.0
自,1.5192,1.5276999999999998,cross,0.9944360803822742
桑,0.0059,0.0,positive_only,0.0
蛇,1.502,0.0,positive_only,0.0
柏,0.0,0.0022,negative_only,0.0
感,0.0,0.0059,negative_only,0.0
寐,0.0,0.0056,negative_only,0.0
皇,0.0187,0.0,positive_only,0.0
莓,0.0,0.0111,negative_only,0.0
翠,0.0184,0.006,cross,0.32608695652173914
寞,0.0,3.0,negative_only,0.0
雷,0.0032,0.0,positive_only,0.0
帘,0.0,0.0161,negative_only,0.0
别,0.0,12.0107,negative_only,0.0
建,0.0145,0.0,positive_only,0.0
屏,0.0,0.0139,negative_only,0.0
路,0.0039,0.0931,cross,0.04189044038668099
蒿,0.0104,0.0,positive_only,0.0
升,0.0108,0.0,positive_only,0.0
歌,0.0594,0.0029,cross,0.048821548821548814
咽,0.0,0.0345,negative_only,0.0
倏,0.0056,0.0,positive_only,0.0
莺,0.0,0.012499999999999999,negative_only,0.0
窗,0.0,0.0153,negative_only,0.0
华,12.064,0.0,positive_only,0.0
凌,0.0039,0.0,positive_only,0.0
霞,0.0224,0.0,positive_only,0.0
蓬,0.0294,0.0,positive_only,0.0
舞,0.016399999999999998,0.0,positive_only,0.0
洲,0.0,0.0263,negative_only,0.0
发,1.5089,0.0124,cross,0.00821790708463119
尽,0.0,0.0276,negative_only,0.0
流,0.0116,1.5453,cross,0.007506633016242801
无,0.0072,0.0059,cross,0.8194444444444444
来,0.0,0.0486,negative_only,0.0
扁,0.0,0.0081,negative_only,0.0
吾,0.0,0.0137,negative_only,0.0
宫,0.0723,1.4779,cross,0.048920765951688205
深,0.0086,0.08700000000000001,cross,0.09885057471264366
死,0.0,0.0106,negative_only,0.0
兹,0.0,0.0012,negative_only,0.0
识,0.0,0.0054,negative_only,0.0
麋,0.0051,0.0,positive_only,0.0
舟,0.0103,1.5256,cross,0.006751442055584688
宛,0.0096,0.0,positive_only,0.0
水,0.0205,1.6655,cross,0.012308616031221856
关,1.4965000000000002,0.0606,cross,0.040494487136652185
峰,0.0107,1.4941,cross,0.007161501907502844
公,0.0159,0.0138,cross,0.8679245283018867
中,0.0288,0.07150000000000001,cross,0.4027972027972027
方,0.019299999999999998,0.0,positive_only,0.0
凄,0.0,1.5248,negative_only,0.0
殷,0.0,0.0032,negative_only,0.0
寄,0.0,0.0092,negative_only,0.0
寒,0.0,14.9741,negative_only,0.0
悠,9.0098,0.0,positive_only,0.0
近,0.0,0.0129,negative_only,0.0
披,0.0,1.4905,negative_only,0.0
目,0.0,0.0035,negative_only,0.0
书,0.0116,0.0196,cross,0.5918367346938775
头,0.0,0.0434,negative_only,0.0
横,0.0053,0.0,positive_only,0.0
弟,0.0,0.0172,negative_only,0.0
剑,0.0,0.0004,negative_only,0.0
新,0.0343,0.0163,cross,0.4752186588921283
星,0.0188,0.0003,cross,0.015957446808510637
诗,1.5335999999999999,0.0043,cross,0.002803860198226396
寸,0.009,0.0099,cross,0.909090909090909
量,0.0,0.0197,negative_only,0.0
抱,0.0,0.014,negative_only,0.0
楫,0.0103,0.0,positive_only,0.0
人,3.0271,3.1871,cross,0.9497976216623262
雁,1.4864,0.021900000000000003,cross,0.014733584499461789
涯,0.0,0.0295,negative_only,0.0
尚,0.0067,0.0,positive_only,0.0
孤,0.0,9.033,negative_only,0.0
斋,0.0,0.0017,negative_only,0.0
由,0.0029,0.0,positive_only,0.0
丰,0.0185,0.0,positive_only,0.0
那,0.0,0.0235,negative_only,0.0
孙,1.5099,0.0036,cross,0.0023842638585336775
焚,0.0102,0.0,positive_only,0.0
问,0.0003,0.0142,cross,0.021126760563380278
茅,0.0,0.0084,negative_only,0.0
信,0.0,0.0207,negative_only,0.0
首,0.0,0.011099999999999999,negative_only,0.0
翁,0.0,0.0004,negative_only,0.0
眉,0.0,0.0047,negative_only,0.0
奈,0.0,0.0171,negative_only,0.0
艰,0.0057,0.0,positive_only,0.0
采,0.0025,0.0,positive_only,0.0
女,1.5149,0.0028,cross,0.0018483068189319427
香,1.5368,0.0,positive_only,0.0
春,1.5565,1.5298,cross,0.9828461291358819
红,1.5294,0.0393,cross,0.025696351510396235
苏,0.0,0.0013,negative_only,0.0
李,0.0039,0.0,positive_only,0.0
闲,0.0034999999999999996,0.0134,cross,0.26119402985074625
岁,1.5432,1.5356,cross,0.9950751684810784
啼,0.0,0.059899999999999995,negative_only,0.0
食,0.0,1.5044,negative_only,0.0
载,0.0091,0.0043,cross,0.4725274725274725
钓,0.0043,0.0014,cross,0.32558139534883723
苍,0.0169,0.0326,cross,0.5184049079754601
际,0.0,0.007,negative_only,0.0
河,0.0191,0.0311,cross,0.6141479099678456
成,4.5029,0.0,positive_only,0.0
往,0.0044,1.5248000000000002,cross,0.0028856243441762854
绿,0.0074,0.0413,cross,0.17917675544794187
镜,1.5002,0.0051,cross,0.0033995467271030534
氲,0.0101,0.0,positive_only,0.0
西,0.0118,0.055600000000000004,cross,0.21223021582733811
苔,0.0,0.0639,negative_only,0.0
儿,0.0071,0.0001,cross,0.014084507042253521
身,0.0072,0.030799999999999998,cross,0.2337662337662338
独,0.0,10.520199999999999,negative_only,0.0
胡,0.0054,0.0074,cross,0.7297297297297297
谈,1.5234,0.0,positive_only,0.0
昔,0.0,0.0259,negative_only,0.0
高,1.5229,0.0359,cross,0.02357344540022326
知,0.0104,0.0116,cross,0.896551724137931
堂,9.0086,0.0,positive_only,0.0
递,0.0,0.0203,negative_only,0.0
咸,0.0063,0.0,positive_only,0.0
前,1.5312999999999999,0.047099999999999996,cross,0.030758179324756742
园,0.0025,0.024399999999999998,cross,0.10245901639344264
堪,0.0,0.0235,negative_only,0.0
寺,0.0,0.0356,negative_only,0.0
故,0.0,0.1079,negative_only,0.0
瀑,0.0072,0.0,positive_only,0.0
照,0.0203,0.0094,cross,0.46305418719211827
双,1.5252000000000001,0.0,positive_only,0.0
陵,1.5087,0.0172,cross,0.011400543514283821
留,0.0127,0.0088,cross,0.6929133858267718
内,0.0066,0.0,positive_only,0.0
谷,0.0059,0.0052,cross,0.8813559322033898
息,0.004,0.0,positive_only,0.0
暮,0.0131,0.065,cross,0.20153846153846153
封,0.0,0.0079,negative_only,0.0
蹄,0.0,0.012,negative_only,0.0
阑,0.0,0.0138,negative_only,0.0
伴,0.0034,0.0,positive_only,0.0
生,0.040299999999999996,0.062,cross,0.6499999999999999
地,1.5215,0.0048,cross,0.003154781465658889
樱,0.0,0.0028,negative_only,0.0
手,0.0015,0.0107,cross,0.14018691588785048
寂,0.0,3.0,negative_only,0.0
扉,0.0,0.0081,negative_only,0.0
借,0.0003,0.0,positive_only,0.0
洒,0.0019,0.0,positive_only,0.0
后,0.0034,1.5009000000000001,cross,0.00226530748217736
名,1.5168,0.0,positive_only,0.0
雨,1.5050999999999999,0.2051,cross,0.13627001528137667
承,1.5485,0.0,positive_only,0.0
迢,0.0,0.0203,negative_only,0.0
贫,0.0,0.0163,negative_only,0.0
急,0.0,0.0203,negative_only,0.0
诸,0.0283,0.0,positive_only,0.0
魂,0.0,0.0278,negative_only,0.0
桥,0.0,0.0047,negative_only,0.0
难,0.0134,0.0118,cross,0.8805970149253731
灞,0.0,0.0073,negative_only,0.0
尘,0.0244,0.0165,cross,0.6762295081967213
骨,0.0,0.0122,negative_only,0.0
寻,0.0169,0.0022,cross,0.13017751479289943
萝,0.0,0.0122,negative_only,0.0
好,0.009,0.0,positive_only,0.0
巫,0.0,0.0116,negative_only,0.0
魏,0.0,0.0062,negative_only,0.0
提,0.0,0.0048,negative_only,0.0
扬,1.5014,0.0,positive_only,0.0
云,0.0389,3.1194,cross,0.012470346861575943
限,0.0,0.0059,negative_only,0.0
菲,1.5154,0.0,positive_only,0.0
语,0.0,0.0027,negative_only,0.0
哉,1.5077,0.0,positive_only,0.0
行,1.4979,1.5919,cross,0.9409510647653747
外,0.0266,0.034,cross,0.7823529411764705
阁,0.0,0.013399999999999999,negative_only,0.0
沧,0.0103,0.022000000000000002,cross,0.46818181818181814
庭,1.5105,0.0056,cross,0.0037073816617014233
渔,0.0,0.0207,negative_only,0.0
逐,0.0083,0.0,positive_only,0.0
池,0.0162,0.0027,cross,0.16666666666666669
会,0.016,0.0,positive_only,0.0
布,0.0091,0.0,positive_only,0.0
娱,1.5213,0.0,positive_only,0.0
筋,0.0,0.0028,negative_only,0.0
涛,0.0,0.0057,negative_only,0.0
闺,0.0,0.0057,negative_only,0.0
薄,0.0022,0.0,positive_only,0.0
空,0.0063,0.0456,cross,0.1381578947368421
将,0.002,0.0,positive_only,0.0
辛,0.0,3.0365,negative_only,0.0
潇,0.0019,0.0,positive_only,0.0
原,0.0,0.0094,negative_only,0.0
颜,0.0035,0.0096,cross,0.36458333333333337
巾,0.0,0.0104,negative_only,0.0
弦,0.030699999999999998,0.0187,cross,0.6091205211726385
闻,0.0055,0.01,cross,0.5499999999999999
秋,0.0003,0.229,cross,0.0013100436681222705
沾,0.0,1.5307,negative_only,0.0
乾,0.0148,0.0,positive_only,0.0
燕,1.4964,0.0,positive_only,0.0
盖,0.0062,0.0,positive_only,0.0
鼓,0.0026,0.0,positive_only,0.0
棘,0.0,0.0069,negative_only,0.0
尊,0.0047,0.0097,cross,0.4845360824742268
少,0.0072,0.002,cross,0.2777777777777778
芳,4.5062,0.0,positive_only,0.0
霜,0.0,0.029899999999999996,negative_only,0.0
戈,0.0024,0.0,positive_only,0.0
浔,0.0,0.01,negative_only,0.0
朔,0.0,0.0199,negative_only,0.0
塘,0.0,0.0018,negative_only,0.0
田,0.0142,0.0098,cross,0.6901408450704225
