社区ID,诗语,社区内度数,全局度数,全局综合排名,社区内重要性得分,社区内排名
0,尚书,18,73,2.0,518.0,1
0,圣人,17,62,2.6,401.6153846153846,2
0,万国,15,33,22.5,59.44444444444444,3
0,朝廷,15,35,23.8,57.016806722689076,4
0,自言,13,33,30.8,45.467532467532465,5
0,感激,9,27,55.0,27.181818181818183,6
0,千秋,7,19,97.4,17.266940451745377,7
0,衣裳,7,16,110.9,16.017132551848512,8
0,日照,7,15,119.6,15.361204013377927,9
0,丈夫,7,18,136.6,14.320644216691068,10
0,太平,6,16,124.3,14.045052292839904,11
0,文章,6,9,277.6,9.602305475504323,12
0,万户,5,24,69.1,19.471780028943563,13
0,汉宫,5,18,101.8,14.82318271119843,14
0,十载,5,13,150.8,11.63129973474801,15
0,天下,5,9,257.8,8.878975950349108,16
0,乾坤,5,9,304.2,8.287310979618672,17
0,阳春,4,9,209.1,8.782400765184121,18
0,富贵,4,11,215.1,8.649000464900046,19
0,君家,4,8,261.9,7.818251240931653,20
0,白日,4,4,401.8,6.488800398208063,21
0,风波,3,12,163.4,9.119951040391676,22
0,携手,3,10,219.8,7.549590536851683,23
0,十里,3,6,274.7,6.640334910811795,24
0,青春,3,7,285.7,6.500175008750437,25
0,连天,3,9,298.5,6.350083752093802,26
0,辛苦,3,7,301.8,6.313452617627568,27
0,游子,3,9,301.9,6.3123550844650556,28
0,日月,3,6,322.1,6.104625892579944,29
0,八月,3,7,327.9,6.049710277523635,30
0,旌旗,3,8,329.5,6.034901365705615,31
0,松风,3,4,394.2,5.536783358701166,32
0,霄汉,3,6,402.2,5.486325211337643,33
0,秋色,3,6,402.3,5.48570718369376,34
0,星辰,3,5,421.0,5.375296912114014,35
0,萧条,3,4,478.0,5.092050209205021,36
0,天台,3,3,524.6,4.906214258482653,37
0,生死,2,10,245.9,6.06669377795852,38
0,春光,2,8,261.8,5.819709702062643,39
0,风起,2,5,337.7,4.961208172934557,40
0,子孙,2,7,372.9,4.681684097613301,41
0,潺湲,2,5,412.9,4.421893921046259,42
0,青天,2,5,428.8,4.332089552238806,43
0,当年,2,4,430.2,4.324500232450023,44
0,鸟飞,2,4,472.6,4.115954295387219,45
0,钓鱼,2,3,479.8,4.084201750729471,46
0,红尘,2,2,504.1,3.98373338623289,47
0,明时,2,2,552.8,3.8089725036179454,48
0,昨夜,1,3,517.6,2.9319938176197837,49
0,读书,1,2,536.1,2.865323633650438,50
0,往来,1,1,548.0,2.8248175182481754,51
0,长安,1,2,562.7,2.777145903678692,52
0,万古,1,1,599.6,2.667778519012675,53
0,白发,1,1,607.6,2.6458196181698486,54
1,霓裳,13,65,3.0,346.3333333333333,1
1,千门,13,24,72.3,26.831258644536653,2
1,南宫,13,20,93.4,23.70663811563169,3
1,闭门,12,28,38.0,38.315789473684205,4
1,御沟,12,22,69.9,26.306151645207436,5
1,明主,12,19,90.2,23.086474501108647,6
1,北阙,12,16,134.1,19.457121551081283,7
1,衣冠,11,22,109.3,20.149130832570904,8
1,渭水,10,16,155.5,16.430868167202572,9
1,圣朝,7,18,113.2,15.8339222614841,10
1,中原,6,15,140.4,13.122507122507123,11
1,天子,5,21,64.2,20.57632398753894,12
1,曲江,5,13,197.4,10.065856129685915,13
1,流年,5,6,359.7,7.780094523213789,14
1,氛氲,4,19,126.2,11.923930269413628,15
1,阙下,4,9,206.5,8.842615012106538,16
1,诸侯,4,10,220.1,8.543389368468878,17
1,鹦鹉,3,16,129.8,10.704160246533128,18
1,百里,3,8,256.4,6.90015600624025,19
1,使君,3,5,417.3,5.3963575365444525,20
1,泉声,3,5,429.2,5.329916123019571,21
1,南山,2,6,339.5,4.945508100147276,22
1,得意,2,6,350.1,4.856326763781777,23
1,云间,2,5,398.5,4.509410288582183,24
1,人心,2,3,515.4,3.9402405898331394,25
1,自由,2,2,552.8,3.8089725036179454,26
1,十年,1,1,539.4,2.853911753800519,27
1,天涯,1,1,602.4,2.660026560424967,28
2,宁知,12,35,28.8,46.72222222222222,1
2,望乡,10,15,170.6,15.86166471277843,2
2,江流,9,11,237.1,13.217629692113032,3
2,今年,8,14,185.0,13.405405405405405,4
2,松柏,8,11,195.1,13.12557662737058,5
2,黄鹤,7,21,88.9,18.24859392575928,6
2,送客,7,16,145.7,13.863417982155113,7
2,阳城,7,13,147.8,13.765899864682002,8
2,光辉,7,12,177.1,12.64652738565782,9
2,对酒,7,12,226.2,11.420866489832008,10
2,苍茫,6,19,93.0,16.75268817204301,11
2,月出,6,18,99.2,16.08064516129032,12
2,日晚,6,16,124.7,14.019246190858059,13
2,文字,6,15,139.2,13.183908045977013,14
2,封侯,6,14,185.9,11.379236148466918,15
2,丹砂,6,10,265.8,9.762227238525206,16
2,远近,5,15,119.2,13.389261744966444,17
2,凉风,5,14,138.9,12.199424046076313,18
2,昔日,5,17,149.0,11.711409395973154,19
2,车马,5,11,194.3,10.14668039114771,20
2,所以,5,12,203.0,9.926108374384237,21
2,春深,5,11,230.3,9.342162396873643,22
2,古来,5,8,287.0,8.484320557491289,23
2,东山,5,9,289.1,8.459010722933241,24
2,长江,5,9,344.9,7.899391127863149,25
2,今夜,5,5,469.9,7.1281123643328375,26
2,相望,4,13,189.4,9.279831045406546,27
2,东南,4,10,245.9,8.06669377795852,28
2,高树,4,11,249.5,8.008016032064127,29
2,去年,4,9,251.1,7.982477100756671,30
2,双阙,4,9,278.3,7.5932446999640675,31
2,秋声,4,8,309.6,7.229974160206718,32
2,造化,4,8,310.8,7.217503217503218,33
2,汀洲,4,7,359.7,6.780094523213789,34
2,九衢,4,7,387.8,6.5786487880350695,35
2,高台,4,6,395.1,6.531004808909136,36
2,从军,4,4,494.2,6.023472278429786,37
2,苍生,3,10,237.9,7.203446826397646,38
2,鸡鸣,3,10,261.2,6.8284839203675345,39
2,天寒,3,8,303.0,6.3003300330033,40
2,白首,3,6,361.7,5.764722145424384,41
2,清秋,3,5,383.4,5.608242044861763,42
2,功成,3,4,413.9,5.416042522348393,43
2,远山,3,4,493.8,5.025111381125962,44
2,玉堂,2,14,174.5,7.730659025787966,45
2,千金,2,8,233.0,6.291845493562231,46
2,物外,2,4,389.1,4.570033410434336,47
2,知己,2,4,447.1,4.236636099306643,48
2,秋水,2,3,468.7,4.133560913164071,49
2,故国,2,4,483.8,4.066969822240596,50
2,梦中,2,3,506.9,3.972775695403433,51
2,遥知,2,3,535.4,3.867762420620097,52
2,翠微,2,2,567.2,3.763046544428773,53
2,心期,2,2,571.4,3.7500875043752186,54
2,交亲,2,2,571.7,3.749169144656288,55
2,道路,1,5,427.8,3.337540906965872,56
2,别后,1,4,433.4,3.3073373327180433,57
2,烟雨,1,3,465.6,3.147766323024055,58
2,千古,1,3,465.8,3.1468441391155,59
2,帝乡,1,4,469.5,3.1299254526091587,60
2,波涛,1,4,478.0,3.092050209205021,61
2,故乡,1,3,486.0,3.05761316872428,62
2,谢公,1,4,495.7,3.017349203147065,63
2,月中,1,2,508.7,2.965795164143896,64
2,江山,1,3,516.2,2.937233630375823,65
2,月下,1,3,522.5,2.9138755980861246,66
2,苍苔,1,2,543.2,2.840942562592047,67
2,秋来,1,2,546.2,2.8308311973636027,68
2,今日,1,2,570.1,2.7540782318891424,69
2,烟霞,1,1,599.0,2.669449081803005,70
2,白云,1,1,601.0,2.663893510815308,71
2,山下,1,1,602.4,2.660026560424967,72
2,知音,1,1,603.8,2.6561775422325278,73
2,江边,1,1,609.2,2.6414970453053184,74
2,扁舟,1,1,610.6,2.6377333770062235,75
2,故园,1,1,611.2,2.636125654450262,76
2,青云,1,1,611.4,2.635590448151783,77
2,落日,1,1,611.6,2.635055591890124,78
3,闻道,7,19,109.6,16.124087591240876,1
3,单于,5,14,149.3,11.69792364367046,2
3,须臾,4,23,59.6,20.778523489932887,3
3,空馀,4,13,160.8,10.218905472636816,4
3,相知,4,10,264.6,7.779289493575208,5
3,来往,4,6,341.0,6.932551319648094,6
3,姓名,4,5,449.5,6.224694104560623,7
3,汉家,3,12,216.4,7.621072088724584,8
3,昨日,3,8,337.6,5.962085308056872,9
3,马上,3,7,370.9,5.696144513345915,10
3,浮云,2,5,421.9,4.370229912301493,11
3,老去,2,5,442.5,4.259887005649718,12
3,东西,2,4,461.4,4.167316861725184,13
3,今朝,2,2,574.5,3.740644038294169,14
3,南北,1,5,380.2,3.630194634402946,15
3,圣主,1,5,382.8,3.612330198537095,16
3,自古,1,3,514.2,2.944768572539868,17
3,明日,1,2,538.2,2.8580453363062057,18
3,将军,1,2,574.3,2.7412502176562774,19
3,他人,1,2,582.5,2.7167381974248928,20
3,故人,1,1,604.2,2.6550810989738496,21
4,江城,8,19,136.2,15.342143906020558,1
4,头白,7,18,98.4,17.16260162601626,2
4,扬州,7,16,195.3,12.120327700972862,3
4,黄花,7,12,264.2,10.785011355034065,4
4,登高,6,15,153.6,12.510416666666668,5
4,微雨,6,12,222.6,10.49236298292902,6
4,猿声,6,8,298.8,9.346720214190093,7
4,黄叶,5,9,278.5,8.590664272890486,8
4,闲居,5,8,339.8,7.942907592701589,9
4,溪水,4,12,152.2,10.57030223390276,10
4,鱼龙,4,11,250.9,7.985651654045436,11
4,碧云,4,7,367.7,6.719608376393799,12
4,怜君,4,4,518.5,5.928640308582449,13
4,日斜,3,11,251.0,6.98406374501992,14
4,百年,3,6,325.3,6.074085459575777,15
4,青草,3,7,359.5,5.7816411682892905,16
4,白雪,3,7,363.4,5.751788662630711,17
4,红叶,3,4,424.6,5.355157795572303,18
4,重阳,3,4,492.2,5.031694433157253,19
4,草色,3,4,500.8,4.996805111821086,20
4,菊花,3,3,523.0,4.912045889101338,21
4,今已,2,11,203.1,6.923682914820286,22
4,焚香,2,9,232.6,6.299226139294927,23
4,楚客,2,10,245.6,6.071661237785016,24
4,太守,2,7,363.2,4.753303964757709,25
4,秋雨,2,3,456.9,4.188662727073758,26
4,高秋,2,3,534.1,3.872308556450103,27
4,少年,1,5,351.5,3.844950213371266,28
4,所思,1,4,401.9,3.488181139586962,29
4,多情,1,3,440.8,3.268602540834846,30
4,题诗,1,2,520.4,2.921598770176787,31
4,风流,1,2,543.2,2.840942562592047,32
4,吾道,1,1,605.4,2.65180046250413,33
4,向东,1,1,607.8,2.6452780519907866,34
4,空山,1,1,608.8,2.64257555847569,35
4,夜月,1,1,611.2,2.636125654450262,36
5,北斗,32,57,5.2,224.3076923076923,1
5,老人,27,43,8.8,140.63636363636363,2
5,劝君,26,54,5.0,226.0,3
5,万年,25,40,21.5,71.51162790697674,4
5,桃源,22,40,13.7,94.99270072992701,5
5,紫微,20,46,9.8,122.0408163265306,6
5,东方,20,32,26.4,57.87878787878788,7
5,昆仑,18,36,17.7,74.49717514124293,8
5,归客,16,23,45.6,37.92982456140351,9
5,日夜,14,22,58.5,31.094017094017094,10
5,蛾眉,13,29,34.8,41.73563218390805,11
5,花间,13,24,50.7,32.72386587771203,12
5,相访,13,18,74.4,26.44086021505376,13
5,东海,12,33,26.9,49.17472118959108,14
5,未央,11,31,36.6,38.322404371584696,15
5,九天,11,23,73.6,24.586956521739133,16
5,相对,11,21,83.6,22.961722488038276,17
5,瑶池,11,17,94.6,21.570824524312897,18
5,蓬莱,11,19,104.0,20.615384615384613,19
5,水清,10,14,143.5,16.968641114982578,20
5,花下,9,27,36.4,36.472527472527474,21
5,宫殿,9,22,79.1,21.642225031605562,22
5,满地,9,17,101.6,18.84251968503937,23
5,月光,9,11,169.9,14.885815185403178,24
5,花发,7,19,73.6,20.586956521739133,25
5,青松,7,19,100.0,17.0,26
5,风景,7,14,158.9,13.293266205160478,27
5,飘飖,6,14,122.1,14.190008190008191,28
5,人生,6,15,132.2,13.564296520423602,29
5,绿水,6,14,146.7,12.81663258350375,30
5,人皆,6,11,153.3,12.523157208088715,31
5,飞鸟,6,12,169.2,11.91016548463357,32
5,路长,6,12,170.0,11.882352941176471,33
5,残月,6,11,197.1,11.073566717402333,34
5,帝城,6,11,207.6,10.816955684007707,35
5,看花,5,7,306.7,8.260515161395501,36
5,天上,4,7,258.7,7.865481252415925,37
5,丹青,4,8,276.2,7.620564808110066,38
5,云深,4,8,279.6,7.576537911301859,39
5,从容,4,8,292.2,7.422313483915127,40
5,池塘,4,5,417.6,6.39463601532567,41
5,独自,3,11,162.9,9.138735420503377,42
5,雨露,3,10,217.6,7.595588235294118,43
5,独坐,3,9,260.9,6.832886163280951,44
5,湖上,3,6,330.8,6.0229746070133015,45
5,珍重,3,5,346.9,5.882675122513692,46
5,孤城,3,6,356.3,5.80662363177098,47
5,风动,3,6,358.2,5.791736460078169,48
5,沧海,3,5,368.8,5.711496746203904,49
5,离别,2,7,294.4,5.396739130434783,50
5,逢人,2,6,300.9,5.323363243602526,51
5,岁寒,2,7,324.2,5.084515731030228,52
5,年少,2,6,343.1,4.914602156805596,53
5,千载,2,5,346.7,4.884338044418806,54
5,年华,2,6,356.9,4.801905295601008,55
5,春草,2,6,368.5,4.71370420624152,56
5,裴回,2,5,383.0,4.610966057441253,57
5,人家,2,4,418.0,4.392344497607656,58
5,海上,2,4,425.3,4.351281448389372,59
5,水边,2,3,457.0,4.188183807439825,60
5,杯酒,2,3,463.2,4.158894645941278,61
5,相看,2,4,466.2,4.145002145002145,62
5,野花,2,4,466.6,4.143163309044149,63
5,雨中,2,3,466.8,4.1422450728363325,64
5,山阴,2,4,469.9,4.1281123643328375,65
5,归路,2,3,485.1,4.061430632859205,66
5,山中,2,3,486.4,4.055921052631579,67
5,道士,2,3,490.6,4.038320423970648,68
5,残阳,2,3,496.1,4.015722636565208,69
5,世间,2,2,578.5,3.728608470181504,70
5,千年,1,2,537.5,2.8604651162790695,71
5,秋风,1,1,552.8,2.8089725036179454,72
5,悠悠,1,1,555.2,2.8011527377521612,73
5,多病,1,1,564.6,2.771165426850868,74
5,潇湘,1,1,582.2,2.717622810030917,75
5,新诗,1,1,588.2,2.700102006120367,76
5,月明,1,1,598.8,2.67000668002672,77
5,早晚,1,1,599.4,2.668335001668335,78
5,人间,1,1,603.8,2.6561775422325278,79
5,别离,1,1,607.4,2.6463615409944024,80
6,万物,17,30,49.8,37.08032128514056,1
6,壮士,14,34,34.2,43.23976608187134,2
6,意气,12,38,26.5,49.735849056603776,3
6,蛟龙,9,20,84.8,20.79245283018868,4
6,饮酒,8,28,75.8,21.192612137203167,5
6,咸阳,8,16,142.9,14.997900629811056,6
6,日夕,7,20,89.8,18.1358574610245,7
6,秋日,7,19,113.4,15.818342151675484,8
6,自然,7,13,194.4,12.144032921810698,9
6,男儿,6,15,120.8,14.27814569536424,10
6,秋天,6,12,202.4,10.940711462450594,11
6,古人,6,11,250.1,9.998400639744101,12
6,天地,6,9,294.7,9.393281303020022,13
6,河汉,5,16,123.7,13.084074373484237,14
6,草木,5,13,161.2,11.20347394540943,15
6,君子,5,11,207.3,9.823926676314521,16
6,黄河,5,10,250.5,8.992015968063871,17
6,颜色,5,8,273.0,8.663003663003662,18
6,岐路,5,8,333.0,8.003003003003002,19
6,江海,5,5,406.0,7.463054187192118,20
6,世人,5,5,455.2,7.1968365553602816,21
6,忆昔,4,17,110.8,13.025270758122744,22
6,咫尺,4,15,114.8,12.710801393728223,23
6,庭前,4,10,202.3,8.943153732081068,24
6,水流,4,8,256.9,7.892565200467108,25
6,鬼神,4,11,275.0,7.636363636363637,26
6,君心,4,5,407.7,6.452783909737552,27
6,北风,3,8,315.0,6.174603174603174,28
6,古今,3,7,352.1,5.840102243680772,29
6,功名,3,8,357.2,5.799552071668533,30
6,皎然,3,9,364.6,5.74273176083379,31
6,山河,3,6,383.4,5.608242044861763,32
6,江湖,3,4,398.3,5.5106703489831785,33
6,青冥,3,4,481.2,5.078137988362427,34
6,山川,3,3,529.5,4.888574126534467,35
6,清晨,2,10,226.5,6.415011037527594,36
6,秋草,2,9,236.8,6.222972972972973,37
6,人稀,2,8,259.2,5.858024691358025,38
6,马蹄,2,8,270.8,5.692762186115214,39
6,风尘,2,7,349.7,4.859593937660852,40
6,楼台,2,4,378.3,4.643404705260375,41
6,摇落,2,5,436.0,4.293577981651376,42
6,沧洲,2,4,447.5,4.23463687150838,43
6,羽翼,2,4,458.8,4.179598953792502,44
6,尘土,2,4,481.9,4.075119319360864,45
6,万事,2,3,500.7,3.9972039145196723,46
6,英雄,2,3,518.9,3.927153594141453,47
6,归心,2,2,559.2,3.7882689556509295,48
6,黄昏,1,6,375.9,3.6602819898909287,49
6,高楼,1,3,464.8,3.1514629948364887,50
6,干戈,1,4,465.6,3.147766323024055,51
6,夫子,1,4,480.5,3.0811654526534857,52
6,前程,1,4,488.3,3.047921359819783,53
6,烟波,1,3,508.0,2.968503937007874,54
6,千万,1,2,528.0,2.893939393939394,55
6,路岐,1,2,560.5,2.7841213202497768,56
6,至今,1,1,606.6,2.6485328058028355,57
6,尘埃,1,1,609.2,2.6414970453053184,58
6,平生,1,1,612.4,2.6329196603527105,59
7,玲珑,8,19,104.0,17.615384615384613,1
7,芳树,6,18,138.2,13.235890014471781,2
7,行客,5,11,242.7,9.120313143798928,3
7,关山,5,10,265.0,8.773584905660378,4
7,雨雪,5,8,395.4,7.529084471421346,5
7,世事,4,12,185.0,9.405405405405405,6
7,绮罗,4,10,253.1,7.951007506914263,7
7,家贫,4,9,257.9,7.8774718883288095,8
7,蹉跎,3,15,181.6,8.506607929515418,9
7,金谷,3,10,213.5,7.68384074941452,10
7,伤心,3,7,354.9,5.817695125387433,11
7,武陵,3,7,374.6,5.6695141484249865,12
7,台上,3,4,519.5,4.92492781520693,13
7,苍梧,2,9,296.9,5.368137420006736,14
7,人世,2,7,302.9,5.301419610432486,15
7,日落,2,6,359.0,4.785515320334262,16
7,镜中,2,5,416.6,4.400384061449832,17
7,相送,2,4,428.5,4.333722287047841,18
7,月照,2,4,467.7,4.138122728244602,19
7,草堂,2,4,469.7,4.129018522461145,20
7,迢递,2,3,539.9,3.8521948508983144,21
7,桃花,1,6,321.4,4.111387678904792,22
7,思归,1,4,418.9,3.3872045834328004,23
7,风吹,1,3,440.9,3.2680880018144705,24
7,眼前,1,4,453.6,3.204585537918871,25
7,近来,1,3,462.3,3.163097555699762,26
7,孤舟,1,3,517.0,2.9342359767891684,27
7,山水,1,2,519.4,2.9252984212552944,28
7,到处,1,2,551.2,2.81422351233672,29
7,名利,1,1,604.8,2.6534391534391535,30
7,月落,1,1,609.8,2.639881928501148,31
8,巫山,12,22,99.5,22.050251256281406,1
8,宛转,11,49,6.2,172.29032258064515,2
8,逶迤,8,25,80.1,20.484394506866415,3
8,汉水,6,19,90.6,17.037527593818986,4
8,芳菲,6,14,210.1,10.75963826749167,5
8,楼前,4,25,53.6,22.65671641791045,6
8,乔木,4,11,198.5,9.037783375314861,7
8,柳色,4,10,209.7,8.768717215069147,8
8,阳台,4,10,257.7,7.880481179666279,9
8,昔时,4,8,279.6,7.576537911301859,10
8,巫峡,3,11,221.3,7.518752824220515,11
8,梅花,3,8,289.4,6.4554250172771255,12
8,长沙,3,8,314.0,6.1847133757961785,13
8,楚水,3,5,392.4,5.548419979612641,14
8,云雨,3,4,499.3,5.002803925495694,15
8,憔悴,2,12,206.4,6.844961240310077,16
8,风飘,2,8,308.3,5.2435939020434645,17
8,他乡,2,7,319.4,5.1308703819661865,18
8,零落,2,6,349.6,4.860411899313501,19
8,花枝,2,6,371.6,4.691065662002153,20
8,暮雨,2,5,408.7,4.446782481037436,21
8,淹留,2,4,424.0,4.3584905660377355,22
8,笙歌,1,7,282.1,4.544842254519674,23
8,登楼,1,8,290.2,4.445899379738112,24
8,沧浪,1,5,409.9,3.4396194193705782,25
8,龙门,1,4,423.3,3.3623907394283012,26
8,神仙,1,4,446.4,3.240143369175627,27
8,等闲,1,3,467.3,3.139952921035737,28
8,枕上,1,4,472.8,3.1150592216582065,29
8,参差,1,3,475.3,3.103934357248054,30
8,远客,1,2,507.1,2.9719976336028395,31
8,风烟,1,2,508.6,2.966181675186787,32
8,半夜,1,1,562.4,2.778093883357041,33
8,关河,1,1,598.0,2.672240802675585,34
8,生涯,1,1,599.6,2.667778519012675,35
8,洞庭,1,1,608.8,2.64257555847569,36
8,无穷,1,1,610.0,2.639344262295082,37
8,孤云,1,1,611.2,2.636125654450262,38
9,罗衣,34,55,6.8,181.05882352941177,1
9,花飞,18,28,46.6,39.45922746781116,2
9,萧索,17,24,85.5,28.695906432748536,3
9,梨花,15,35,25.6,54.0625,4
9,垂杨,15,19,120.7,23.28500414250207,5
9,梦里,14,36,17.9,69.86592178770951,6
9,心事,13,18,110.0,22.090909090909093,7
9,同心,12,27,47.2,33.186440677966104,8
9,佳期,12,22,90.3,23.07419712070875,9
9,春来,12,17,96.8,22.330578512396695,10
9,满眼,12,18,133.6,19.48502994011976,11
9,红粉,11,29,44.6,33.42152466367713,12
9,新月,11,23,56.8,28.605633802816904,13
9,人归,11,17,124.2,19.051529790660226,14
9,往事,11,15,132.2,18.564296520423603,15
9,莺啼,10,24,68.5,24.598540145985403,16
9,清明,10,12,261.0,13.831417624521073,17
9,叶落,9,28,46.0,30.73913043478261,18
9,九重,9,29,46.8,30.36752136752137,19
9,花前,9,17,121.0,17.264462809917354,20
9,思量,9,11,209.4,13.775549188156639,21
9,独立,9,10,229.3,13.36109899694723,22
9,草绿,8,14,174.9,13.717552887364208,23
9,寒食,8,12,194.5,13.141388174807197,24
9,杏花,8,11,214.3,12.666355576294913,25
9,行乐,7,25,53.8,25.58736059479554,26
9,含情,7,15,165.2,13.053268765133172,27
9,无力,7,11,239.1,11.182350480970307,28
9,陌上,7,9,296.6,10.37154416722859,29
9,白马,6,19,76.8,19.020833333333336,30
9,微风,6,18,94.0,16.638297872340424,31
9,凤凰,6,14,122.1,14.190008190008191,32
9,思君,6,15,157.4,12.353240152477763,33
9,梧桐,6,11,207.5,10.819277108433734,34
9,风光,6,12,217.0,10.608294930875577,35
9,徘徊,6,10,241.3,10.144218814753419,36
9,马嘶,6,10,268.1,9.729951510630361,37
9,晚来,6,10,272.7,9.667033370003667,38
9,肠断,6,9,310.9,9.21646831778707,39
9,还家,5,11,194.4,10.144032921810698,40
9,相随,5,12,200.1,9.997501249375311,41
9,随风,5,12,206.1,9.85201358563804,42
9,君恩,5,11,221.6,9.512635379061372,43
9,绿杨,5,11,223.5,9.47427293064877,44
9,阑干,5,9,223.7,9.470272686633885,45
9,梦魂,5,10,228.7,9.372540445999125,46
9,鸳鸯,5,10,253.7,8.941663381947182,47
9,临风,5,8,292.0,8.424657534246576,48
9,愁人,5,7,382.5,7.61437908496732,49
9,东风,5,6,387.1,7.583311805734953,50
9,王孙,5,7,392.5,7.547770700636942,51
9,牡丹,4,9,209.5,8.77326968973747,52
9,翡翠,4,11,246.7,8.053506282934737,53
9,春色,4,8,283.7,7.524850193866761,54
9,明年,4,7,323.1,7.095017022593624,55
9,朱门,4,7,328.6,7.0432136335970785,56
9,时节,4,7,339.4,6.946375957572187,57
9,游人,4,7,367.3,6.722570106180234,58
9,桃李,4,6,404.4,6.472799208704253,59
9,断肠,4,5,414.4,6.413127413127413,60
9,昔年,4,5,435.9,6.294104152328516,61
9,可惜,4,5,443.7,6.25377507324769,62
9,东流,3,8,274.6,6.641660597232338,63
9,有情,3,7,287.5,6.478260869565217,64
9,落花,3,6,327.5,6.0534351145038165,65
9,城下,3,7,362.3,5.760143527463428,66
9,客心,3,4,384.9,5.598077422707197,67
9,雨后,3,4,396.2,5.523977788995457,68
9,百花,3,5,431.0,5.320185614849188,69
9,依旧,3,4,431.7,5.3164234422052346,70
9,芳草,3,3,549.8,4.818843215714805,71
9,流水,2,6,297.1,5.365870077415011,72
9,始知,2,6,337.7,4.961208172934557,73
9,依然,2,6,351.5,4.844950213371266,74
9,青苔,2,6,382.9,4.611647949856359,75
9,双飞,2,6,408.2,4.449779519843214,76
9,旧游,2,5,422.7,4.365744026496333,77
9,不归,2,4,441.5,4.265005662514156,78
9,深处,2,2,467.2,4.140410958904109,79
9,凄凉,2,4,503.7,3.985308715505261,80
9,天外,2,2,509.5,3.9627085377821394,81
9,花时,2,3,513.3,3.9481784531463084,82
9,春雨,1,1,592.2,2.6886187098953056,83
9,多少,1,1,602.0,2.661129568106312,84
9,林下,1,1,603.0,2.658374792703151,85
9,秋月,1,1,604.6,2.6539861065167054,86
9,怅望,1,1,607.6,2.6458196181698486,87
9,自知,1,1,609.2,2.6414970453053184,88
9,夜来,1,1,609.4,2.6409583196586808,89
9,深山,1,1,610.2,2.6388069485414616,90
10,叹息,16,40,18.7,69.475935828877,1
10,行路,16,20,90.2,27.086474501108647,2
10,路难,14,16,199.3,19.017561465127947,3
10,清净,12,35,18.2,66.94505494505495,4
10,大道,12,20,79.0,24.658227848101266,5
10,世上,11,11,231.3,15.323389537397318,6
10,云飞,10,33,25.9,48.610038610038615,7
10,欢娱,9,37,24.4,49.98360655737705,8
10,山高,9,19,92.4,19.82251082251082,9
10,古木,8,9,289.3,11.456619426201176,10
10,骨肉,5,15,174.4,10.73394495412844,11
10,无情,4,10,223.1,8.482294935006724,12
10,风霜,4,11,250.5,7.992015968063872,13
10,茫茫,4,10,254.7,7.926187671770711,14
10,苦辛,4,8,273.4,7.65764447695684,15
10,城中,4,7,305.5,7.273322422258593,16
10,相识,4,6,365.7,6.734481815695926,17
10,东林,4,5,474.2,6.108814846056516,18
10,日出,3,14,173.5,8.763688760806916,19
10,丞相,3,8,253.6,6.943217665615142,20
10,水声,3,8,302.2,6.309066843150232,21
10,青门,3,9,313.7,6.18775900541919,22
10,今来,3,6,348.3,5.871088142405972,23
10,纵横,3,7,365.2,5.738225629791895,24
10,月夜,3,5,380.8,5.626050420168067,25
10,山僧,3,4,424.3,5.356823002592505,26
10,寒山,3,3,508.0,4.968503937007874,27
10,寥落,2,10,264.9,5.775009437523594,28
10,浮生,2,4,412.7,4.423067603586141,29
10,湘水,2,6,426.9,4.34246896228625,30
10,相亲,2,6,427.5,4.3391812865497075,31
10,是非,2,5,454.0,4.202643171806168,32
10,当时,2,3,469.8,4.128565346956151,33
10,故山,2,2,469.8,4.128565346956151,34
10,猿啼,2,4,487.8,4.050020500205002,35
10,消息,2,3,487.9,4.049600327936052,36
10,山路,2,3,489.9,4.041232904674423,37
10,江南,2,3,514.9,3.942124684404739,38
10,人情,1,5,421.0,3.375296912114014,39
10,归来,1,3,447.1,3.2366360993066428,40
10,相见,1,2,515.5,2.939864209505335,41
10,莓苔,1,2,537.0,2.86219739292365,42
10,寻常,1,3,544.7,2.8358729575913344,43
10,山色,1,2,555.4,2.800504141159525,44
10,杜陵,1,2,563.8,2.7736786094359704,45
10,莲花,1,1,572.0,2.7482517482517483,46
10,永日,1,1,598.0,2.672240802675585,47
10,临水,1,1,601.2,2.6633399866932796,48
10,闻说,1,1,606.2,2.6496205872649288,49
10,主人,1,1,608.0,2.644736842105263,50
10,吟诗,1,1,610.6,2.6377333770062235,51
11,宫中,20,35,29.2,54.24657534246575,1
11,出入,18,40,24.5,58.816326530612244,2
11,骑马,17,31,29.6,50.78378378378378,3
11,承恩,15,38,23.3,57.918454935622314,4
11,白露,14,28,33.0,44.303030303030305,5
11,白玉,13,31,34.8,41.73563218390805,6
11,弟子,11,23,57.9,28.271157167530227,7
11,走马,11,19,110.0,20.090909090909093,8
11,青楼,10,22,71.9,23.908205841446453,9
11,歌舞,10,22,74.9,23.351134846461946,10
11,歌声,10,20,104.2,19.59692898272553,11
11,山头,9,26,42.8,32.36448598130841,12
11,两相,9,24,64.3,24.552099533437016,13
11,窈窕,9,20,93.0,19.75268817204301,14
11,金陵,9,19,106.8,18.363295880149813,15
11,美人,9,16,117.5,17.51063829787234,16
11,玉楼,8,19,90.0,19.11111111111111,17
11,管弦,8,17,106.5,17.389671361502348,18
11,夜长,7,18,105.0,16.523809523809526,19
11,婵娟,6,15,129.8,13.704160246533128,20
11,花满,6,17,134.0,13.46268656716418,21
11,仙人,6,12,182.4,11.482456140350877,22
11,白蘋,6,9,300.7,9.325573661456602,23
11,芙蓉,5,13,140.2,12.132667617689016,24
11,鹧鸪,5,12,182.2,10.48847420417124,25
11,兄弟,5,12,200.6,9.98504486540379,26
11,月满,5,10,225.1,9.44247001332741,27
11,百尺,5,9,261.8,8.819709702062642,28
11,朝朝,5,10,286.3,8.492839678658749,29
11,相寻,5,7,302.5,8.305785123966942,30
11,楼上,4,14,141.9,11.04721634954193,31
11,次第,4,13,171.5,9.830903790087463,32
11,月色,4,9,242.1,8.13052457662123,33
11,君王,4,6,358.7,6.787844995818233,34
11,门前,4,4,486.4,6.055921052631579,35
11,路傍,3,19,86.0,14.627906976744185,36
11,洛阳,3,11,171.7,8.824111822947,37
11,玉树,3,11,172.7,8.790387955993051,38
11,公子,3,10,213.1,7.692632566870015,39
11,公卿,3,9,244.5,7.08997955010225,40
11,竹林,3,8,310.6,6.219575016097875,41
11,依稀,3,7,350.5,5.853067047075607,42
11,日暮,3,6,365.1,5.7389756231169535,43
11,春日,3,5,376.4,5.656748140276302,44
11,江水,3,5,408.7,5.446782481037436,45
11,相忆,3,5,423.7,5.3601604909133815,46
11,花开,3,4,452.2,5.21141088014153,47
11,经过,3,5,465.4,5.148689299527288,48
11,黄金,2,5,368.4,4.714440825190011,49
11,自怜,2,4,438.0,4.28310502283105,50
11,才子,2,5,439.5,4.275312855517633,51
11,春水,2,4,450.5,4.219755826859045,52
11,夜深,2,3,498.1,4.007628990162617,53
11,西山,1,9,225.1,5.44247001332741,54
11,花落,1,5,361.2,3.7685492801771874,55
11,行人,1,3,455.0,3.197802197802198,56
11,落叶,1,3,483.9,3.0665426741062203,57
11,佳人,1,3,488.8,3.0458265139116203,58
11,独行,1,2,522.4,2.9142419601837672,59
11,明朝,1,2,528.7,2.891431813883109,60
11,南国,1,2,535.8,2.866368047779022,61
11,西风,1,2,540.1,2.851508979818552,62
11,清风,1,2,550.3,2.817190623296384,63
11,寂寞,1,2,550.9,2.815211472136504,64
11,杨柳,1,2,556.6,2.7966223499820337,65
11,他日,1,2,565.4,2.768659356207994,66
11,先生,1,1,585.2,2.7088174982911823,67
11,分明,1,1,585.2,2.7088174982911823,68
11,明月,1,1,586.0,2.7064846416382253,69
11,风月,1,1,599.0,2.669449081803005,70
