词,出现次数,文档频次,文档概率
白云,104,99,0.042913
万里,94,89,0.038578
千里,84,80,0.034677
明月,81,78,0.033810
今日,63,62,0.026875
天子,58,55,0.023840
凤凰,54,54,0.023407
洛阳,53,51,0.022107
秋风,50,49,0.021240
山川,50,50,0.021673
歌舞,49,49,0.021240
落花,48,33,0.014304
平生,46,45,0.019506
悠悠,45,41,0.017772
故人,42,39,0.016905
参差,41,39,0.016905
将军,41,36,0.015605
白日,41,38,0.016472
长安,40,40,0.017339
相思,39,33,0.014304
春风,38,36,0.015605
风吹,38,38,0.016472
裴回,37,36,0.015605
杨柳,37,37,0.016038
年年,36,33,0.014304
可怜,36,34,0.014738
神仙,35,35,0.015171
春色,33,31,0.013437
南山,33,33,0.014304
芳菲,32,31,0.013437
千金,32,32,0.013871
关山,32,31,0.013437
日暮,32,32,0.013871
桃李,31,29,0.012570
风烟,30,30,0.013004
千年,30,29,0.012570
光辉,30,30,0.013004
天下,29,28,0.012137
天上,29,28,0.012137
宁知,28,28,0.012137
流水,28,28,0.012137
万年,28,28,0.012137
风起,27,27,0.011704
花落,27,26,0.011270
青山,27,26,0.011270
百年,27,26,0.011270
日月,27,27,0.011704
山水,26,26,0.011270
君王,26,24,0.010403
巫山,26,22,0.009536
叹息,26,25,0.010837
窈窕,26,26,0.011270
他乡,26,26,0.011270
天地,25,23,0.009970
洞庭,25,24,0.010403
花开,25,25,0.010837
芳树,25,25,0.010837
欢娱,25,24,0.010403
千载,25,25,0.010837
美人,24,24,0.010403
氛氲,24,24,0.010403
江上,24,20,0.008669
风尘,23,23,0.009970
鸳鸯,23,20,0.008669
十年,23,23,0.009970
明主,23,23,0.009970
青春,23,20,0.008669
桃花,23,23,0.009970
落日,22,22,0.009536
闻道,22,22,0.009536
浮云,22,22,0.009536
黄金,22,22,0.009536
汉家,22,22,0.009536
自怜,22,22,0.009536
今朝,22,22,0.009536
仙人,22,22,0.009536
帝乡,21,21,0.009103
未央,21,20,0.008669
蛾眉,21,21,0.009103
风光,21,21,0.009103
千秋,21,19,0.008236
白露,21,21,0.009103
公子,21,21,0.009103
归路,21,21,0.009103
岁月,21,21,0.009103
九重,20,20,0.008669
阳春,20,20,0.008669
纵横,20,19,0.008236
海上,20,20,0.008669
岐路,20,20,0.008669
故乡,20,18,0.007802
烟霞,19,19,0.008236
月明,19,19,0.008236
秋月,19,19,0.008236
白头,19,16,0.006935
北斗,19,19,0.008236
白发,18,18,0.007802
芙蓉,18,18,0.007802
月照,18,18,0.007802
镜中,18,18,0.007802
意气,18,17,0.007369
古来,18,18,0.007802
少年,18,14,0.006068
莲花,18,12,0.005202
佳人,18,18,0.007802
登高,18,18,0.007802
归来,18,17,0.007369
相望,18,16,0.006935
梅花,18,17,0.007369
万国,17,17,0.007369
携手,17,17,0.007369
翠微,17,17,0.007369
千门,17,17,0.007369
高台,17,11,0.004768
御沟,17,16,0.006935
相逢,17,17,0.007369
不归,17,17,0.007369
别离,17,17,0.007369
无穷,17,15,0.006502
青门,17,17,0.007369
瑶池,16,16,0.006935
回首,16,16,0.006935
路长,16,16,0.006935
山下,16,16,0.006935
思君,16,16,0.006935
逶迤,16,16,0.006935
东流,16,16,0.006935
今年,16,14,0.006068
明年,16,16,0.006935
春来,16,16,0.006935
青云,16,15,0.006502
圣人,16,12,0.005202
楼上,15,15,0.006502
君子,15,15,0.006502
紫微,15,15,0.006502
宛转,15,15,0.006502
云间,15,15,0.006502
离别,15,15,0.006502
江南,15,13,0.005635
管弦,15,15,0.006502
同心,15,13,0.005635
游人,15,15,0.006502
人间,15,15,0.006502
日落,15,15,0.006502
山中,15,14,0.006068
东山,15,15,0.006502
白首,15,15,0.006502
淹留,14,14,0.006068
徘徊,14,14,0.006068
北阙,14,14,0.006068
花飞,14,14,0.006068
空馀,14,14,0.006068
楼台,14,14,0.006068
青楼,14,14,0.006068
相识,14,14,0.006068
西山,14,13,0.005635
马上,14,14,0.006068
行路,14,8,0.003468
路难,14,8,0.003468
无限,14,14,0.006068
风霜,14,14,0.006068
尘埃,14,14,0.006068
山河,14,14,0.006068
昔时,13,13,0.005635
年华,13,13,0.005635
黄鹤,13,13,0.005635
迢递,13,12,0.005202
人生,13,13,0.005635
柳色,13,13,0.005635
绮罗,13,13,0.005635
北风,13,13,0.005635
寂寞,13,12,0.005202
金谷,13,13,0.005635
相送,13,13,0.005635
知己,13,13,0.005635
苦辛,13,13,0.005635
蓬莱,13,13,0.005635
月下,13,12,0.005202
月夜,13,13,0.005635
客心,13,13,0.005635
清风,12,12,0.005202
玉树,12,12,0.005202
物外,12,12,0.005202
菊花,12,12,0.005202
月光,12,12,0.005202
朝朝,12,12,0.005202
今夜,12,12,0.005202
空山,12,12,0.005202
辛苦,12,12,0.005202
红粉,12,12,0.005202
红尘,12,12,0.005202
翡翠,12,12,0.005202
行人,12,11,0.004768
归去,12,12,0.005202
月满,12,12,0.005202
丈夫,12,12,0.005202
行乐,12,12,0.005202
草绿,12,12,0.005202
龙门,12,11,0.004768
游子,12,12,0.005202
芳草,12,12,0.005202
春草,12,11,0.004768
别后,12,12,0.005202
春光,12,11,0.004768
东南,12,12,0.005202
摇落,12,12,0.005202
丹青,12,12,0.005202
鹦鹉,12,12,0.005202
江山,12,12,0.005202
风景,12,12,0.005202
长沙,12,12,0.005202
秋色,11,11,0.004768
今已,11,9,0.003901
道路,11,11,0.004768
望乡,11,11,0.004768
君恩,11,11,0.004768
日晚,11,11,0.004768
含情,11,11,0.004768
天涯,11,11,0.004768
日照,11,11,0.004768
白玉,11,11,0.004768
日斜,11,11,0.004768
青松,11,11,0.004768
黄叶,11,11,0.004768
阳城,11,11,0.004768
颜色,11,8,0.003468
松柏,11,11,0.004768
高楼,11,11,0.004768
夜月,11,11,0.004768
昔日,11,10,0.004335
太平,11,11,0.004768
自言,11,10,0.004335
独坐,11,11,0.004768
桃源,11,11,0.004768
伤心,11,11,0.004768
重阳,11,11,0.004768
清明,11,10,0.004335
今来,10,10,0.004335
古木,10,10,0.004335
旌旗,10,10,0.004335
沧海,10,10,0.004335
百花,10,10,0.004335
松风,10,10,0.004335
猿啼,10,10,0.004335
云飞,10,10,0.004335
萧条,10,10,0.004335
风月,10,10,0.004335
憔悴,10,10,0.004335
南国,10,10,0.004335
云雨,10,10,0.004335
天外,10,10,0.004335
关河,10,10,0.004335
经过,10,10,0.004335
湘水,10,10,0.004335
花前,10,10,0.004335
古人,10,10,0.004335
春日,10,10,0.004335
零落,10,10,0.004335
江水,10,10,0.004335
封侯,10,10,0.004335
知音,10,10,0.004335
落叶,10,10,0.004335
岁寒,10,10,0.004335
承恩,10,10,0.004335
生涯,10,10,0.004335
殷勤,10,10,0.004335
故园,10,10,0.004335
昨夜,10,9,0.003901
路傍,10,10,0.004335
自然,10,10,0.004335
白马,10,10,0.004335
花发,10,10,0.004335
昆仑,10,8,0.003468
苍梧,10,10,0.004335
江海,10,10,0.004335
寒食,10,8,0.003468
文章,10,10,0.004335
干戈,9,9,0.003901
鸡鸣,9,9,0.003901
渭水,9,9,0.003901
凉风,9,9,0.003901
明日,9,9,0.003901
飘飖,9,9,0.003901
明朝,9,9,0.003901
圣主,9,9,0.003901
单于,9,8,0.003468
夕阳,9,9,0.003901
大道,9,9,0.003901
佳期,9,9,0.003901
肠断,9,9,0.003901
车马,9,9,0.003901
花满,9,9,0.003901
王孙,9,9,0.003901
双飞,9,9,0.003901
绿水,9,9,0.003901
怅望,9,9,0.003901
公卿,9,9,0.003901
分明,9,9,0.003901
雨露,9,9,0.003901
鱼龙,9,9,0.003901
登临,9,9,0.003901
清晨,9,9,0.003901
依然,9,9,0.003901
竹林,9,9,0.003901
风雨,9,9,0.003901
寂寥,9,9,0.003901
生死,9,9,0.003901
衣冠,9,9,0.003901
草木,9,9,0.003901
逍遥,9,9,0.003901
闲居,9,9,0.003901
高秋,9,9,0.003901
富贵,9,9,0.003901
人心,9,9,0.003901
双阙,8,8,0.003468
昔年,8,8,0.003468
莺啼,8,8,0.003468
万古,8,8,0.003468
玲珑,8,8,0.003468
断肠,8,8,0.003468
门前,8,8,0.003468
千万,8,8,0.003468
黄河,8,8,0.003468
须臾,8,8,0.003468
当时,8,8,0.003468
走马,8,8,0.003468
君心,8,8,0.003468
百尺,8,8,0.003468
夜长,8,8,0.003468
笙歌,8,8,0.003468
日夕,8,8,0.003468
万物,8,8,0.003468
思归,8,8,0.003468
相知,8,8,0.003468
乔木,8,8,0.003468
主人,8,8,0.003468
南宫,8,8,0.003468
山路,8,8,0.003468
朝廷,8,8,0.003468
陌上,8,8,0.003468
河汉,8,8,0.003468
骨肉,8,7,0.003034
城中,8,8,0.003468
蹉跎,8,8,0.003468
功名,7,7,0.003034
烟波,7,7,0.003034
阳台,7,7,0.003034
马蹄,7,7,0.003034
池上,7,7,0.003034
风波,7,7,0.003034
婵娟,7,7,0.003034
有情,7,7,0.003034
汉宫,7,7,0.003034
罗衣,7,7,0.003034
路岐,7,7,0.003034
花枝,7,7,0.003034
庭前,7,7,0.003034
阙下,7,7,0.003034
暮雨,7,7,0.003034
潺湲,7,7,0.003034
惆怅,7,7,0.003034
相见,7,7,0.003034
日夜,7,7,0.003034
始知,7,7,0.003034
造化,7,7,0.003034
帝城,7,7,0.003034
风流,7,7,0.003034
咸阳,7,7,0.003034
丞相,7,7,0.003034
江流,7,7,0.003034
雨雪,7,7,0.003034
尚书,7,7,0.003034
送客,7,6,0.002601
白雪,6,6,0.002601
霓裳,6,6,0.002601
孤舟,6,6,0.002601
人归,6,6,0.002601
人情,6,6,0.002601
忆昔,6,6,0.002601
无情,6,6,0.002601
萧索,6,6,0.002601
羽翼,6,6,0.002601
金陵,6,6,0.002601
蛟龙,6,6,0.002601
野花,6,6,0.002601
垂杨,6,6,0.002601
萧萧,6,6,0.002601
朱门,6,6,0.002601
功成,6,6,0.002601
相看,6,6,0.002601
黄花,6,6,0.002601
还家,6,6,0.002601
对酒,6,5,0.002167
梦中,6,6,0.002601
相亲,6,6,0.002601
秋水,6,5,0.002167
临风,6,6,0.002601
十载,6,6,0.002601
苍生,6,6,0.002601
天台,6,6,0.002601
焚香,6,6,0.002601
茫茫,6,6,0.002601
心事,6,6,0.002601
人家,6,5,0.002167
泉声,6,6,0.002601
青苔,6,6,0.002601
东风,6,6,0.002601
相寻,6,6,0.002601
花间,6,6,0.002601
台上,6,6,0.002601
青草,6,6,0.002601
往来,5,5,0.002167
风飘,5,5,0.002167
风动,5,5,0.002167
九衢,5,5,0.002167
无力,5,5,0.002167
使君,5,5,0.002167
孤城,5,5,0.002167
潇湘,5,5,0.002167
叶落,5,5,0.002167
衣裳,5,5,0.002167
楼前,5,5,0.002167
古今,5,5,0.002167
东方,5,5,0.002167
月中,5,5,0.002167
东西,5,5,0.002167
旧游,5,5,0.002167
万事,5,5,0.002167
浮生,5,5,0.002167
经年,5,5,0.002167
山阴,5,5,0.002167
梧桐,5,5,0.002167
水流,5,5,0.002167
自古,5,5,0.002167
归心,5,5,0.002167
寒山,5,5,0.002167
百里,5,5,0.002167
莓苔,5,5,0.002167
去年,5,5,0.002167
林下,5,5,0.002167
万户,5,5,0.002167
十里,5,5,0.002167
残月,5,5,0.002167
太守,5,5,0.002167
得意,5,5,0.002167
世上,5,5,0.002167
故山,5,5,0.002167
可惜,4,4,0.001734
远近,4,4,0.001734
秋日,4,4,0.001734
千古,4,4,0.001734
丹砂,4,4,0.001734
江湖,4,4,0.001734
水声,4,4,0.001734
相对,4,4,0.001734
月色,4,4,0.001734
中原,4,4,0.001734
鸟飞,4,4,0.001734
看花,4,4,0.001734
山头,4,4,0.001734
黄昏,4,4,0.001734
南北,4,4,0.001734
从军,4,4,0.001734
歌声,4,4,0.001734
子孙,4,4,0.001734
巫峡,4,4,0.001734
道士,4,4,0.001734
逢人,4,4,0.001734
向东,4,4,0.001734
玉堂,4,4,0.001734
乾坤,4,4,0.001734
诸侯,4,4,0.001734
杜陵,4,4,0.001734
寥落,4,4,0.001734
秋天,4,4,0.001734
山高,4,4,0.001734
消息,4,3,0.001300
兄弟,4,4,0.001734
清净,4,4,0.001734
谢公,4,4,0.001734
霄汉,4,4,0.001734
两相,4,4,0.001734
东海,4,4,0.001734
武陵,4,4,0.001734
相忆,4,4,0.001734
沧洲,4,4,0.001734
梦里,4,4,0.001734
高树,4,4,0.001734
远山,4,4,0.001734
交亲,4,4,0.001734
宫中,4,3,0.001300
城下,4,4,0.001734
凄凉,4,4,0.001734
鬼神,4,4,0.001734
他人,4,3,0.001300
感激,4,2,0.000867
马嘶,4,4,0.001734
秋来,3,3,0.001300
夜来,3,3,0.001300
水边,3,3,0.001300
名利,3,3,0.001300
临水,3,3,0.001300
池塘,3,3,0.001300
独自,3,3,0.001300
相随,3,3,0.001300
从容,3,3,0.001300
愁人,3,3,0.001300
壮士,3,3,0.001300
云深,3,3,0.001300
微风,3,3,0.001300
姓名,3,3,0.001300
先生,3,3,0.001300
弟子,3,3,0.001300
所以,3,3,0.001300
沧浪,3,3,0.001300
草色,3,3,0.001300
夫子,3,3,0.001300
人世,3,3,0.001300
晚来,3,3,0.001300
才子,3,3,0.001300
江城,3,3,0.001300
英雄,3,3,0.001300
世人,3,2,0.000867
溪水,3,2,0.000867
流年,3,3,0.001300
猿声,3,3,0.001300
八月,3,3,0.001300
自知,3,3,0.001300
所思,3,3,0.001300
曲江,3,3,0.001300
石上,3,3,0.001300
至今,3,3,0.001300
鹧鸪,3,3,0.001300
明时,3,3,0.001300
汉水,3,3,0.001300
烟雨,3,3,0.001300
世事,3,3,0.001300
楚客,3,3,0.001300
心期,3,3,0.001300
他日,3,3,0.001300
是非,3,3,0.001300
永日,3,3,0.001300
终日,3,3,0.001300
玉楼,3,3,0.001300
连天,3,3,0.001300
星辰,3,3,0.001300
花时,3,3,0.001300
白蘋,3,3,0.001300
春水,3,3,0.001300
深山,3,3,0.001300
苍茫,3,3,0.001300
新诗,3,3,0.001300
西风,3,3,0.001300
秋草,3,3,0.001300
半夜,3,3,0.001300
咫尺,2,2,0.000867
文字,2,2,0.000867
随风,2,2,0.000867
月落,2,2,0.000867
扬州,2,2,0.000867
回头,2,2,0.000867
家贫,2,2,0.000867
山僧,2,2,0.000867
老去,2,2,0.000867
独立,2,2,0.000867
昨日,2,2,0.000867
人皆,2,2,0.000867
宫殿,2,2,0.000867
阑干,2,2,0.000867
青天,2,2,0.000867
日出,2,2,0.000867
湖上,2,2,0.000867
秋雨,2,2,0.000867
长江,2,2,0.000867
新月,2,2,0.000867
当年,2,2,0.000867
杏花,2,2,0.000867
圣朝,2,2,0.000867
细雨,2,2,0.000867
世间,2,2,0.000867
雨后,2,2,0.000867
飞鸟,2,2,0.000867
楚水,2,2,0.000867
来往,2,2,0.000867
多情,2,2,0.000867
孤云,2,2,0.000867
夜雨,2,2,0.000867
月出,2,2,0.000867
读书,2,2,0.000867
出入,2,2,0.000867
春雨,2,2,0.000867
波涛,2,2,0.000867
山色,2,2,0.000867
登楼,2,2,0.000867
水清,2,2,0.000867
清秋,2,2,0.000867
微雨,1,1,0.000433
九天,1,1,0.000433
杯酒,1,1,0.000433
天寒,1,1,0.000433
人稀,1,1,0.000433
依稀,1,1,0.000433
青冥,1,1,0.000433
钓鱼,1,1,0.000433
往事,1,1,0.000433
行客,1,1,0.000433
雨中,1,1,0.000433
绿杨,1,1,0.000433
红叶,1,1,0.000433
题诗,1,1,0.000433
秋声,1,1,0.000433
依旧,1,1,0.000433
怜君,1,1,0.000433
君家,1,1,0.000433
梦魂,1,1,0.000433
扁舟,1,1,0.000433
归客,1,1,0.000433
相访,1,1,0.000433
珍重,1,1,0.000433
江边,1,1,0.000433
遥知,1,1,0.000433
老人,1,1,0.000433
年少,1,1,0.000433
闭门,1,1,0.000433
汀洲,1,1,0.000433
自由,1,1,0.000433
苍苔,1,1,0.000433
满眼,1,1,0.000433
吾道,1,1,0.000433
近来,1,1,0.000433
夜深,1,1,0.000433
到处,1,1,0.000433
饮酒,1,1,0.000433
满地,1,1,0.000433
眼前,1,1,0.000433
