phrase,community
多情,8
闻说,8
南宫,6
牡丹,6
御沟,2
朱门,2
依稀,3
枕上,3
今年,7
去年,7
垂杨,8
君恩,8
翡翠,5
鸳鸯,5
有情,8
向东,6
红尘,0
深处,3
溪水,3
姓名,2
烟雨,2
大道,8
山路,9
红叶,1
东西,7
南北,4
咫尺,8
菊花,6
重阳,6
丞相,6
梨花,5
玉楼,5
交亲,7
年华,7
万户,9
千门,4
双飞,4
宛转,4
思量,4
莓苔,9
楼前,9
次第,6
等闲,8
风光,8
断肠,5
风飘,4
两相,5
阑干,5
月明,1
花下,5
霓裳,4
夜长,5
云雨,5
山川,3
山僧,7
名利,4
草绿,4
洞庭,6
潇湘,7
行人,0
相看,8
岁寒,4
珍重,2
看花,2
梦魂,1
登高,6
曲江,9
瑶池,9
斜阳,9
鹧鸪,9
到处,7
残月,6
花前,7
花时,2
君王,5
汉宫,5
路傍,3
须臾,0
罗衣,5
美人,4
宫中,5
蛟龙,4
青楼,5
天外,4
玲珑,7
人皆,4
高台,4
君家,9
无限,5
游人,7
尘埃,4
物外,9
黄花,6
行路,8
春深,3
杏花,3
天寒,4
向人,1
君心,1
风月,4
独自,6
高树,1
故山,9
路岐,9
得意,8
紫微,5
寥落,3
独行,3
绮罗,8
庭前,4
所以,4
绿杨,3
帝乡,2
眼前,8
梦中,7
细雨,2
巫山,5
阳台,4
西风,0
月夜,5
玉树,5
裴回,4
秋草,4
百花,3
碧云,1
微风,3
黄鹤,4
少年,8
花间,5
北阙,5
东山,6
他年,9
心期,0
生死,2
苦辛,3
窈窕,5
山阴,6
道士,6
无力,1
水声,7
寻常,3
时节,3
羽翼,9
相对,8
相识,8
笙歌,8
满眼,8
管弦,8
月下,5
兄弟,8
万物,4
君子,4
满地,2
佳人,4
山头,5
当年,0
蹉跎,3
老去,0
微雨,2
近来,0
往事,6
昔年,6
从军,3
功名,3
颜色,8
单于,3
先生,6
鹦鹉,1
双阙,6
殷勤,1
春草,6
池塘,6
月落,4
红粉,5
扬州,2
自由,2
蛾眉,4
台上,3
桃源,3
九衢,7
渭水,9
叶落,1
昔日,1
太平,1
东林,7
流年,1
前程,6
所思,3
归心,6
公卿,2
莺啼,6
饮酒,6
东海,4
梦里,7
婵娟,1
无穷,4
参差,8
劝君,6
早晚,0
佳期,0
自怜,0
明日,6
旧游,7
行乐,5
携手,1
摇落,2
黄叶,1
城下,6
将军,3
汉家,3
世间,7
封侯,7
望乡,3
风景,3
楚水,1
清明,7
千金,4
迢递,3
别后,8
泉声,9
东方,6
北斗,2
自言,8
承恩,1
人情,2
头白,2
丈夫,3
湘水,2
芳树,7
万年,6
汀洲,6
竹林,2
马蹄,0
晚来,5
九天,9
随风,2
青冥,7
咸阳,4
歌舞,5
春水,2
肠断,1
骨肉,3
金谷,2
雨中,6
徘徊,9
古木,6
回头,7
英雄,7
相寻,4
松柏,4
使君,2
风起,0
零落,4
子孙,8
花飞,9
无情,1
歌声,9
依旧,2
生涯,6
野花,6
楼上,7
思归,3
依然,3
昔时,9
愁人,3
寒山,3
月中,9
河汉,9
独立,4
人稀,6
消息,7
思君,0
永日,7
关河,3
黄河,4
秋雨,3
富贵,8
江水,2
飘飖,3
王孙,6
人家,3
杨柳,9
花开,4
他人,6
落叶,0
今来,2
至今,1
日晚,9
出入,2
他乡,7
故国,7
秋色,7
半夜,2
凄凉,3
辛苦,3
天涯,9
可惜,1
汉水,1
寂寥,7
云飞,5
百尺,9
离别,5
林下,7
分明,2
男儿,8
人心,4
衣裳,5
星辰,4
绿水,4
八月,0
万事,8
日照,7
雨后,6
黄昏,9
同心,6
孤云,7
连天,7
相访,3
逢人,3
夜来,6
青苔,1
萧索,4
波涛,3
古来,4
圣人,4
东风,4
焚香,6
东南,7
杯酒,2
昆仑,9
白露,1
十年,3
丹砂,4
烟霞,7
扁舟,2
花发,7
衣冠,8
日斜,3
浮生,6
花枝,6
草色,6
春来,9
春雨,6
古今,4
新诗,7
昨夜,0
空山,6
干戈,2
故乡,4
多少,3
意气,6
相忆,1
谢公,7
玉堂,7
圣主,9
钓鱼,3
送客,2
楼台,9
相随,8
柳色,5
未央,5
白蘋,5
夜月,6
明时,6
明年,4
他日,3
行客,6
陌上,8
文字,3
十载,7
秋声,1
弟子,6
知音,2
临风,6
登楼,3
白发,7
帝城,8
世事,9
日出,9
相亲,5
人间,2
寒食,9
造化,6
黄金,5
九重,6
月色,7
暮雨,0
客心,7
题诗,1
云间,2
忆昔,3
日落,4
苍苔,1
远客,6
门前,0
自然,9
闲居,3
桃花,0
武陵,7
月满,1
青草,6
沧洲,7
北风,9
世上,8
湖上,9
归路,8
走马,9
逶迤,1
经过,8
花落,8
马嘶,6
落花,1
人生,8
城中,9
年少,9
氛氲,7
花满,1
凉风,1
丹青,3
石上,5
风烟,1
人归,9
鬼神,2
千年,9
岐路,2
南国,4
相知,6
梧桐,4
清晨,4
叹息,4
芳菲,7
猿啼,7
纵横,3
天台,7
欢娱,2
相望,3
是非,6
十里,6
龙门,3
月光,0
鱼龙,1
雨露,6
桃李,5
人世,6
秋日,3
日夜,1
春日,3
公子,8
莲花,4
月出,4
千秋,4
日月,4
夜深,3
月照,9
当时,2
今朝,5
白雪,5
鸟飞,9
可怜,5
霄汉,9
风流,6
千万,1
圣朝,1
新月,3
往来,1
宫殿,4
镜中,4
芙蓉,4
吟诗,0
对酒,1
临水,3
苍梧,2
路长,4
潺湲,6
宁知,7
青松,4
旌旗,3
东流,4
翠微,9
猿声,0
多病,6
日暮,8
憔悴,8
读书,8
百年,8
云深,7
江南,3
草木,4
车马,1
含情,6
杜陵,2
山高,7
惆怅,3
天地,7
归去,4
淹留,3
松风,3
朝朝,7
故园,7
青天,4
独坐,1
万国,9
深山,2
池上,5
岁月,3
风霜,7
逍遥,9
茫茫,3
仙人,4
白玉,4
中原,3
阳春,4
水边,3
尚书,6
经年,3
阙下,3
高楼,3
蓬莱,4
白马,9
今已,4
南山,2
相见,1
白首,4
远山,3
萧萧,7
相逢,8
自古,4
秋来,5
江边,3
天上,0
秋天,7
归客,6
从容,6
孤城,9
青门,4
风动,6
光辉,5
始知,8
青春,4
朝廷,3
怜君,1
天子,3
青云,2
心事,3
山色,7
清净,6
闭门,3
自知,1
春风,5
不归,6
长安,9
雨雪,3
梅花,7
阳城,7
乾坤,6
老人,3
骑马,8
吾道,6
江海,7
万古,4
功成,4
昨日,7
高秋,4
怅望,1
回首,6
壮士,7
秋月,7
相思,8
风波,0
登临,7
长沙,9
千古,6
空馀,1
年年,8
天下,3
家贫,8
才子,9
孤舟,1
路难,4
古人,7
水清,9
西山,6
江湖,6
凤凰,1
夜雨,9
楚客,3
今夜,7
苍茫,6
风尘,3
明朝,3
今日,5
归来,1
洛阳,5
百里,4
浮云,4
白头,2
白日,4
飞鸟,7
明月,4
还家,4
主人,7
夫子,6
世人,4
游子,3
关山,4
遥知,1
秋水,7
海上,2
风雨,7
江山,7
明主,3
神仙,5
寂寞,4
山下,9
清秋,9
长江,9
巫峡,2
草堂,7
山河,3
感激,3
秋风,0
文章,6
春光,6
闻道,6
千载,4
悠悠,3
太守,3
山中,7
烟波,6
日夕,6
诸侯,4
知己,8
乔木,1
平生,3
水流,2
别离,2
来往,2
伤心,8
马上,7
金陵,2
道路,6
春色,7
沧海,8
清风,5
芳草,6
夕阳,3
沧浪,3
江城,7
远近,7
江上,6
千里,8
江流,4
山水,7
苍生,3
流水,1
风吹,4
相送,6
鸡鸣,4
终日,6
落日,9
萧条,7
白云,9
