phrase,degree,degree_centrality,betweenness,closeness,eigenvector,pagerank,frequency,probability,degree_centrality_rank,betweenness_rank,closeness_rank,eigenvector_rank,pagerank_rank,avg_rank
自言,191,0.30317460317460315,0.007783651999338272,1.5235685461662987,0.16095221054270878,0.00610189124416142,10,0.004335,1.0,42.0,1.0,1.0,1.0,9.2
无穷,146,0.23174603174603176,0.010420083949495715,1.4826327401386419,0.11800347260100165,0.004375017759163177,15,0.006502,3.0,24.0,2.0,15.0,4.0,9.6
桃李,130,0.20634920634920634,0.014565826330532211,1.4526142665521953,0.10132136057024076,0.0039412220282116365,29,0.01257,7.0,9.0,5.0,26.0,10.0,11.4
蛾眉,139,0.22063492063492063,0.007876784347372585,1.4596779027937326,0.11168252773735926,0.004262213965750873,21,0.009103,4.0,41.0,4.0,20.0,5.0,14.8
古来,118,0.1873015873015873,0.012512623394976333,1.4514466791375733,0.09450552562044705,0.003650473055763627,18,0.007802,11.0,14.0,6.0,39.0,20.0,18.0
春来,133,0.2111111111111111,0.011060472236942825,1.4705667603509507,0.07243958536388861,0.00407600786226795,16,0.006935,5.0,21.0,3.0,57.0,9.0,19.0
意气,129,0.20476190476190476,0.011400055517702576,1.4511788770235616,0.06810853727340267,0.004155102732380111,17,0.007369,8.0,19.0,7.0,65.0,8.0,21.4
萧条,106,0.16825396825396827,0.009297582897022672,1.4377636547597912,0.09535298130753686,0.0035891723902916595,10,0.004335,24.5,33.0,9.0,36.0,22.0,24.9
可怜,108,0.17142857142857143,0.015971854207148323,1.4213031677874155,0.07530173884768625,0.003376972039576814,34,0.014738,21.5,3.0,15.0,54.0,32.0,25.1
纵横,122,0.19365079365079366,0.00747301923772512,1.4123377842904534,0.09918622465483488,0.003685398395412204,19,0.008236,10.0,50.0,28.0,32.0,18.0,27.6
叹息,102,0.1619047619047619,0.014697049991167636,1.4382491658697036,0.08143244812381054,0.003186571159987468,25,0.010837,33.5,8.0,8.0,45.0,48.0,28.5
白发,108,0.17142857142857143,0.012668787962905608,1.4102122020840262,0.09190567506941168,0.003150731835906633,18,0.007802,21.5,12.0,29.0,42.0,50.0,30.9
白首,111,0.1761904761904762,0.007633179397885279,1.4136556401773561,0.0950383325903832,0.003279932630680111,15,0.006502,16.5,46.0,22.0,38.0,41.0,32.7
封侯,126,0.2,0.0033157527275174334,1.4332846535263677,0.11476799238813018,0.004160151959502475,10,0.004335,9.0,127.0,10.0,17.0,7.0,34.0
翡翠,112,0.17777777777777778,0.004828434240198946,1.4312375580162084,0.10265596131705013,0.003519038352275051,12,0.005202,15.0,94.0,11.0,24.0,26.0,34.0
千载,101,0.16031746031746033,0.015302697655638832,1.3999482921320812,0.07698756801527606,0.0030708761566527734,25,0.010837,37.0,7.0,35.0,50.0,54.0,36.6
公子,110,0.1746031746031746,0.005656917421623303,1.4014909870870982,0.09388083331297663,0.003541475999077482,21,0.009103,19.0,74.0,33.0,40.0,24.0,38.0
颜色,132,0.20952380952380953,0.002598486842184321,1.4179645202139461,0.12689410947108856,0.004663571249475529,8,0.003468,6.0,156.0,19.0,9.0,3.0,38.6
芳菲,102,0.1619047619047619,0.02195161548102725,1.3889161711708227,0.07057573859908464,0.0030771871752764773,31,0.013437,33.5,1.0,46.0,63.0,53.0,39.3
昔日,102,0.1619047619047619,0.004260713294326742,1.4182725954867559,0.10291417683618091,0.003420276289344329,10,0.004335,33.5,105.0,18.0,23.0,29.0,41.7
昔时,105,0.16666666666666666,0.006543097719568309,1.4132173920213922,0.056719129436240474,0.003437666652517596,13,0.005635,26.5,61.0,24.0,84.0,28.0,44.7
闻道,91,0.14444444444444443,0.012757142897198913,1.3907695214077962,0.07303935418487925,0.002955644944219475,22,0.009536,52.5,11.0,43.0,56.0,63.0,45.1
鸳鸯,105,0.16666666666666666,0.007517096928861636,1.3902655552195304,0.05962810540206879,0.0034020019752025567,20,0.008669,26.5,48.0,44.0,77.0,31.0,45.3
西山,110,0.1746031746031746,0.003074503074503074,1.4148865877442927,0.10091163303521894,0.0036652873254295407,13,0.005635,19.0,142.0,21.0,27.0,19.0,45.6
摇落,99,0.15714285714285714,0.005550707315413196,1.4128282259828435,0.0862877529679759,0.00326880789722323,12,0.005202,40.5,77.0,27.0,43.0,43.0,46.1
黄金,94,0.1492063492063492,0.009836827623942467,1.413167492729612,0.07605343040386361,0.002775692704637281,22,0.009536,48.0,29.0,25.0,51.0,78.0,46.2
相识,103,0.1634920634920635,0.005371127429950958,1.4284214119326675,0.06112201151600219,0.00334360296547987,14,0.006068,29.0,82.0,12.0,75.0,36.0,46.8
湘水,100,0.15873015873015872,0.004112223467965764,1.4239005826284763,0.09566954252189992,0.0032026570633428737,10,0.004335,38.5,111.0,14.0,34.0,47.0,48.9
迢递,117,0.18571428571428572,0.002617323205558499,1.4164723075549357,0.07209406905943716,0.003901335134615079,12,0.005202,12.0,155.0,20.0,58.0,12.0,51.4
天涯,107,0.16984126984126985,0.003253866111008968,1.4201107052484807,0.06663849736351032,0.0035405998418161066,11,0.004768,23.0,132.0,16.0,67.0,25.0,52.6
白玉,106,0.16825396825396827,0.00276259452730041,1.4068417088299732,0.10051882326646128,0.0034112496314612642,11,0.004768,24.5,149.0,31.0,29.0,30.0,52.7
青楼,100,0.15873015873015872,0.006083184024360496,1.388787779260092,0.05545128728701698,0.0034407762797581233,14,0.006068,38.5,67.0,47.0,86.0,27.0,53.1
忆昔,111,0.1761904761904762,0.0016633440162851926,1.4135757997869396,0.11677452818233025,0.0037938144196016637,6,0.002601,16.5,208.0,23.0,16.0,15.0,55.7
须臾,160,0.25396825396825395,0.0009934724640606994,1.428217599805784,0.16002103890017383,0.005666163889963869,8,0.003468,2.0,265.0,13.0,2.0,2.0,56.8
汉家,90,0.14285714285714285,0.011553310012693769,1.3917011745600048,0.044159894128491535,0.0028726791206654307,22,0.009536,57.5,18.0,41.0,114.0,70.0,60.1
茫茫,103,0.1634920634920635,0.002054659701718525,1.3847929515937907,0.11184178253724263,0.003547056286207967,6,0.002601,29.0,185.0,49.0,19.0,23.0,61.0
佳人,91,0.14444444444444443,0.006929901635783992,1.3666502860252623,0.07381063241479693,0.002919724232260508,18,0.007802,52.5,57.0,78.0,55.0,67.0,61.9
当时,102,0.1619047619047619,0.0027432955164047603,1.4130577019690216,0.06744336501539296,0.0033635041719141416,8,0.003468,33.5,150.0,26.0,66.0,34.0,61.9
江南,95,0.15079365079365079,0.004868734280498986,1.4089103277530428,0.04985237716293252,0.0031417037717284446,13,0.005635,47.0,93.0,30.0,100.0,51.0,64.2
衣裳,110,0.1746031746031746,0.0015351485939721235,1.3739549017492048,0.121870354020821,0.003926849327164418,5,0.002167,19.0,218.0,62.0,13.0,11.0,64.6
逶迤,87,0.1380952380952381,0.006183578536519715,1.3744236166398482,0.0759998552170152,0.0026933218806437374,16,0.006935,64.0,66.0,61.0,52.0,84.0,65.4
大道,113,0.17936507936507937,0.0017879984826763536,1.3835805545448403,0.07544032129600478,0.0038994052775234295,9,0.003901,14.0,199.0,50.0,53.0,13.0,65.8
巫山,83,0.13174603174603175,0.009378369966605257,1.3687840761240009,0.06567454787397656,0.0026406589377390775,22,0.009536,75.5,30.0,70.0,69.0,86.0,66.1
青门,85,0.1349206349206349,0.01029832353361765,1.3986057113183108,0.04313708563705629,0.0026359066570850326,17,0.007369,69.0,26.0,36.0,116.0,88.0,67.0
丈夫,96,0.1523809523809524,0.003295985060690943,1.4185839254369412,0.054237345712715,0.0030288025156416654,12,0.005202,45.0,130.0,17.0,91.0,58.0,68.2
风光,90,0.14285714285714285,0.007574128750599337,1.3668987811951552,0.05292383760763734,0.002817892772065839,21,0.009103,57.5,47.0,77.0,93.0,75.0,69.9
归去,96,0.1523809523809524,0.003090439561027796,1.3900100686813461,0.05774923857408572,0.003306573567674213,12,0.005202,45.0,141.0,45.0,82.0,39.0,70.4
白露,80,0.12698412698412698,0.008044695355619726,1.379972293441996,0.06591009978648647,0.0025154816029341913,21,0.009103,89.0,40.0,53.0,68.0,105.0,71.0
少年,90,0.14285714285714285,0.004165089459207106,1.3776642178153082,0.05864101416489647,0.003062517164339144,14,0.006068,57.5,109.0,57.0,79.0,55.0,71.5
淹留,97,0.15396825396825398,0.0036098283157106675,1.3799491306066392,0.0506483008090759,0.0030339670909433456,14,0.006068,42.5,117.0,54.0,98.0,57.0,73.7
悠悠,80,0.12698412698412698,0.01794231205995912,1.360186967759784,0.057153854440666986,0.002491625531455858,41,0.017772,89.0,2.0,88.0,83.0,108.0,74.0
将军,81,0.12857142857142856,0.01187405893288246,1.3696378230832953,0.04281797884965182,0.0026387067918540843,36,0.015605,83.5,17.0,68.0,118.0,87.0,74.7
东南,92,0.14603174603174604,0.0035875371169488816,1.394655518891415,0.04922396587155416,0.0028919853053761286,12,0.005202,50.0,118.0,37.0,102.0,68.0,75.0
白马,103,0.1634920634920635,0.0017568352302245855,1.4004861865601432,0.06393608676654962,0.0032409160796215346,10,0.004335,29.0,203.0,34.0,73.0,45.0,76.8
无限,88,0.13968253968253969,0.005089268030444501,1.3753518488409553,0.04723625123884396,0.002754983343867298,14,0.006068,62.0,86.0,60.0,104.0,79.0,78.2
朱门,99,0.15714285714285714,0.0014962020844373784,1.3913378367228875,0.07207479873266615,0.003357204864814169,6,0.002601,40.5,221.0,42.0,59.0,35.0,79.5
万物,91,0.14444444444444443,0.001967874236781799,1.3717491822464223,0.09706058792516804,0.0029745718341300906,8,0.003468,52.5,186.0,65.0,33.0,61.0,79.5
经过,91,0.14444444444444443,0.002223436285060935,1.4022338457664119,0.058559346352186556,0.002970464614675772,10,0.004335,52.5,172.0,32.0,80.0,62.0,79.7
海上,82,0.13015873015873017,0.005131293758744739,1.3646414397793771,0.07100082903706481,0.0025682970464714627,20,0.008669,79.0,85.0,79.0,61.0,95.0,79.8
朝朝,96,0.1523809523809524,0.0021890798361386596,1.3807525760355623,0.0563220657906554,0.0032489782557576894,12,0.005202,45.0,174.0,52.0,85.0,44.0,80.0
玉堂,115,0.18253968253968253,0.0007524331053742817,1.363730198310117,0.13564394764033,0.004177937173389325,4,0.001734,13.0,295.0,82.0,4.0,6.0,80.0
尘埃,87,0.1380952380952381,0.003402646343822814,1.3568760430069229,0.079693774584436,0.00271173103314993,14,0.006068,64.0,123.0,90.0,49.0,83.0,81.8
相望,80,0.12698412698412698,0.0070419158654452755,1.3816656862798269,0.041629707513045226,0.0025618219491830734,16,0.006935,89.0,53.0,51.0,124.0,97.0,82.8
蹉跎,87,0.1380952380952381,0.001960417800753935,1.3722079198103996,0.09543131509258491,0.002934787295244982,8,0.003468,64.0,187.0,64.0,35.0,65.0,83.0
十年,83,0.13174603174603175,0.010366669190198602,1.3567426718936435,0.039430201835440354,0.0026334257415604623,23,0.00997,75.5,25.0,92.0,136.0,90.0,83.7
单于,93,0.14761904761904762,0.0011208807847463307,1.3934184234099125,0.10142007516036064,0.003012873695937518,8,0.003468,49.0,254.0,40.0,25.0,59.0,85.4
年年,80,0.12698412698412698,0.008554773260655613,1.3504693286057705,0.04862723521233152,0.0025590185569337935,33,0.014304,89.0,38.0,101.0,103.0,98.0,85.8
诸侯,102,0.1619047619047619,0.001073762838468721,1.3317290465603844,0.12267163039846385,0.0038072472536032974,4,0.001734,33.5,258.0,122.0,10.0,14.0,87.5
昆仑,85,0.1349206349206349,0.001628615410128015,1.378877336588902,0.09507559999399656,0.0028304795808692866,8,0.003468,69.0,212.0,55.0,37.0,72.0,89.0
怅望,86,0.1365079365079365,0.0013955131602190426,1.393680905213534,0.0934941885353852,0.0027873428464746173,9,0.003901,66.5,228.0,38.0,41.0,77.0,90.1
马上,75,0.11904761904761904,0.005046895635130929,1.368348877201003,0.07093764578125608,0.0023555959005468743,14,0.006068,103.5,89.0,73.0,62.0,125.0,90.5
故园,89,0.14126984126984127,0.0021519919279022926,1.3785454611043868,0.05107685147726012,0.002889960567422338,10,0.004335,61.0,177.0,56.0,96.0,69.0,91.8
芙蓉,77,0.12222222222222222,0.012514615455791927,1.3510157129131926,0.03248805796798556,0.0027544989519215986,18,0.007802,99.0,13.0,100.0,176.0,80.0,93.6
故乡,77,0.12222222222222222,0.007641675288734113,1.3099496072574586,0.06526590127599226,0.002532430260607751,18,0.007802,99.0,45.0,151.0,70.0,103.0,93.6
梅花,80,0.12698412698412698,0.006823335940982999,1.3679959327526638,0.03892187963665973,0.002504815796500486,17,0.007369,89.0,60.0,75.0,138.0,107.0,93.8
千万,97,0.15396825396825398,0.0008998914881267822,1.3700045331710315,0.06447485072146511,0.0035903714376485448,8,0.003468,42.5,270.0,67.0,71.0,21.0,94.3
青苔,90,0.14285714285714285,0.0011505623270329154,1.3532546276432253,0.1062408965433072,0.0031510295879665843,6,0.002601,57.5,248.0,96.0,22.0,49.0,94.5
咸阳,84,0.13333333333333333,0.0013885313885313884,1.3687529369119937,0.099356317740843,0.002814198809582279,7,0.003034,72.5,229.0,71.0,31.0,76.0,95.9
游子,84,0.13333333333333333,0.001663007545360487,1.3734057944265148,0.08447922094706779,0.0026017275847711545,12,0.005202,72.5,209.0,63.0,44.0,93.0,96.3
知音,82,0.13015873015873017,0.0026676500065855807,1.3760817963289642,0.04589977785979818,0.002749218780910475,10,0.004335,79.0,154.0,58.0,110.0,81.0,96.4
携手,80,0.12698412698412698,0.003350829821418057,1.3501051625841962,0.0702128500930921,0.002507446061653424,17,0.007369,89.0,126.0,103.0,64.0,106.0,97.6
圣人,78,0.12380952380952381,0.002514103102338397,1.361695946912014,0.07975737796690861,0.0024692800755208525,12,0.005202,95.5,157.0,86.0,48.0,110.0,99.3
知己,75,0.11904761904761904,0.004702601761425291,1.3880922689784652,0.04156120501469263,0.002354220917010766,13,0.005635,103.5,98.0,48.0,126.0,126.0,100.3
关山,75,0.11904761904761904,0.010913855031502091,1.3527012438976855,0.03401113241451686,0.0024380064990315547,31,0.013437,103.5,22.0,98.0,167.0,115.0,101.1
不归,73,0.11587301587301588,0.005598035009799716,1.3219114116367363,0.06410886241936928,0.0024486823365626434,17,0.007369,111.5,76.0,133.0,72.0,113.0,101.1
天子,70,0.1111111111111111,0.01586165997930704,1.348029006348947,0.04714959528438586,0.002056363917721953,55,0.02384,123.0,4.0,106.0,105.0,170.0,101.6
千门,74,0.11746031746031746,0.005309174720939426,1.3685315268531812,0.042179740055459485,0.002351129513955727,17,0.007369,107.0,83.0,72.0,121.0,127.0,102.0
长安,77,0.12222222222222222,0.007012895248189366,1.3448312850449957,0.04158412124473343,0.0023917641512115214,40,0.017339,99.0,55.0,111.0,125.0,121.0,102.2
风月,80,0.12698412698412698,0.0024015736060553987,1.375946206810826,0.04363937087544168,0.002635341478683855,10,0.004335,89.0,162.0,59.0,115.0,89.0,102.8
神仙,71,0.1126984126984127,0.015796889326301092,1.3429915716236507,0.034847219192514045,0.0024002952458605435,35,0.015171,120.0,5.0,113.0,159.0,119.0,103.2
白头,78,0.12380952380952381,0.002922039686745569,1.3621728474877637,0.04621417264565789,0.00264314606116582,16,0.006935,95.5,145.0,85.0,109.0,85.0,103.9
相逢,75,0.11904761904761904,0.005825152883976414,1.347576714398005,0.036539883308327394,0.0026111929711971384,17,0.007369,103.5,70.0,107.0,147.0,92.0,103.9
丞相,84,0.13333333333333333,0.0010800716683069622,1.3568217323592762,0.1005336986603995,0.002830330119736623,7,0.003034,72.5,257.0,91.0,28.0,73.0,104.3
登高,74,0.11746031746031746,0.009027725204195793,1.3482187007101676,0.03533613446471092,0.0023717885701392506,18,0.007802,107.0,35.0,105.0,155.0,122.0,104.8
得意,102,0.1619047619047619,0.0004702181172769407,1.3276456236162968,0.12072750903243072,0.0037181523547182064,5,0.002167,33.5,335.0,127.0,14.0,16.0,105.1
人生,74,0.11746031746031746,0.0034362093185622586,1.3573596213185557,0.04471519317493463,0.002564045517647171,13,0.005635,107.0,122.0,89.0,112.0,96.0,105.2
伤心,77,0.12222222222222222,0.0025106619224266285,1.393429792736608,0.04238127179445055,0.002444234792555483,11,0.004768,99.0,158.0,39.0,119.0,114.0,105.8
宁知,68,0.10793650793650794,0.008782546051453614,1.3300226072809378,0.05509659206843264,0.002158205131933722,28,0.012137,128.5,37.0,123.0,88.0,154.0,106.1
花发,86,0.1365079365079365,0.0014477025681507473,1.3633513051745083,0.05538917548838727,0.002823151402556944,10,0.004335,66.5,224.0,84.0,87.0,74.0,107.1
寂寥,65,0.10317460317460317,0.008919031075893823,1.353159799209214,0.0330118715665394,0.0025429855929674752,9,0.003901,143.5,36.0,97.0,173.0,102.0,110.3
高秋,71,0.1126984126984127,0.0041409396591469425,1.3472595662614588,0.04119025267184022,0.0025251634793951997,9,0.003901,120.0,110.0,108.0,129.0,104.0,114.2
白日,65,0.10317460317460317,0.010769172533878416,1.3107687202896325,0.05239346646241374,0.0020818371433097118,38,0.016472,143.5,23.0,148.0,94.0,166.0,114.9
日晚,73,0.11587301587301588,0.0019180525062878005,1.3401730461644283,0.08011817646907228,0.0024504813037658922,11,0.004768,111.5,190.0,117.0,47.0,112.0,115.5
佳期,90,0.14285714285714285,0.0006569594804888923,1.367083233202624,0.059119327585947165,0.0030390970534733136,9,0.003901,57.5,310.0,76.0,78.0,56.0,115.5
凤凰,66,0.10476190476190476,0.01576324223383047,1.3483242938997424,0.03167289003773453,0.002129099790457667,54,0.023407,135.5,6.0,104.0,182.0,160.0,117.5
鹦鹉,73,0.11587301587301588,0.0026926085749615167,1.3682534163262574,0.040337392222675586,0.00239376030424928,12,0.005202,111.5,152.0,74.0,133.0,120.0,118.1
宛转,66,0.10476190476190476,0.0051711375240787,1.3637213807428747,0.03537118001750312,0.0022766969933550145,15,0.006502,135.5,84.0,83.0,154.0,141.0,119.5
富贵,66,0.10476190476190476,0.004523851582675112,1.3709278093635313,0.03470917109152285,0.0023059030122925804,9,0.003901,135.5,101.0,66.0,163.0,133.0,119.7
金谷,73,0.11587301587301588,0.002385578856167092,1.3602806748733307,0.03921894257199438,0.0025535759264619733,13,0.005635,111.5,164.0,87.0,137.0,100.0,119.9
花落,64,0.10158730158730159,0.006927095162389279,1.3545092202119875,0.03592764217485782,0.0021850477546990752,26,0.01127,149.0,58.0,93.0,149.0,151.0,120.0
骨肉,85,0.1349206349206349,0.00042900042900042906,1.3542120211260171,0.10015793601576617,0.002936904737520649,7,0.003034,69.0,346.0,95.0,30.0,64.0,120.8
岁月,73,0.11587301587301588,0.006495571201453554,1.3094119047872814,0.03370448676796758,0.0023629124736878897,21,0.009103,111.5,62.0,152.0,168.0,124.0,123.5
自古,82,0.13015873015873017,0.0004891446067916655,1.3370142311349091,0.10772670556621317,0.0028648255207381753,5,0.002167,79.0,331.0,119.0,21.0,71.0,124.2
浮云,68,0.10793650793650794,0.0047233788410259,1.3644747536304387,0.03475183455274989,0.0021311722507883248,22,0.009536,128.5,97.0,80.0,162.0,158.0,125.1
人间,71,0.1126984126984127,0.005749446925917513,1.3415103171171963,0.03077718370747406,0.0023181884944211764,15,0.006502,120.0,73.0,115.0,189.0,132.0,125.8
瑶池,65,0.10317460317460317,0.004221490397960985,1.310169822028715,0.06370595123945855,0.002135926077897288,16,0.006935,143.5,107.0,150.0,74.0,157.0,126.3
东流,66,0.10476190476190476,0.0033752239634592574,1.3253300898677303,0.041149077284026885,0.002401617605694305,16,0.006935,135.5,124.0,130.0,130.0,118.0,127.5
今夜,72,0.11428571428571428,0.0023939065115535707,1.326649353808368,0.03666014588746156,0.002543966394382145,12,0.005202,116.5,163.0,128.0,146.0,101.0,130.9
叶落,90,0.14285714285714285,0.0003066091301385419,1.325349999953192,0.07109888043192547,0.0033165439762176683,5,0.002167,57.5,370.0,129.0,60.0,38.0,130.9
南山,62,0.09841269841269841,0.006015258956435426,1.3141593945431538,0.050048263283482136,0.0019441941359667901,33,0.014304,154.0,68.0,143.0,99.0,194.0,131.6
红尘,72,0.11428571428571428,0.0014257114257114254,1.354472404995075,0.04654367059003074,0.0024212273046056126,12,0.005202,116.5,227.0,94.0,108.0,116.0,132.3
别离,65,0.10317460317460317,0.007487319252025133,1.3281570345415696,0.025986005805631703,0.0023280647911150558,17,0.007369,143.5,49.0,125.0,215.0,129.0,132.3
山中,70,0.1111111111111111,0.003307448013330365,1.3328731916568257,0.034928076739095766,0.0022860588816053747,14,0.006068,123.0,128.0,121.0,158.0,137.0,133.4
清净,82,0.13015873015873017,0.00028642087465616874,1.3186195512570642,0.11371083859069106,0.00293460379501248,4,0.001734,79.0,376.0,138.0,18.0,66.0,135.4
美人,61,0.09682539682539683,0.004751810634163575,1.3073536568030637,0.053411917659651274,0.0019857658734280816,24,0.010403,158.5,95.0,154.0,92.0,187.0,137.3
月满,72,0.11428571428571428,0.0007609595844889961,1.3526794841421519,0.08112001001502187,0.002294251276963091,12,0.005202,116.5,293.0,99.0,46.0,134.0,137.7
憔悴,72,0.11428571428571428,0.0012955893067937887,1.3644167509522482,0.042370059456103476,0.0022790298574155475,10,0.004335,116.5,236.0,81.0,120.0,140.0,138.7
平生,59,0.09365079365079365,0.012968430615489438,1.2942544022568936,0.036706684046658784,0.0018914167190588554,45,0.019506,168.5,10.0,171.0,145.0,203.0,139.5
帝乡,64,0.10158730158730159,0.006299312517799912,1.3187616009678755,0.03161145569790244,0.00205414265770156,21,0.009103,149.0,63.0,137.0,183.0,172.0,140.8
寂寞,77,0.12222222222222222,0.0008066890419831593,1.3459721025318903,0.047029071953295774,0.0024543767717932104,12,0.005202,99.0,288.0,110.0,107.0,111.0,143.0
山河,65,0.10317460317460317,0.004724977077918253,1.3279683384355387,0.028066846468613005,0.0022325776456417605,14,0.006068,143.5,96.0,126.0,204.0,146.0,143.1
洛阳,57,0.09047619047619047,0.01230600348247407,1.3394061554867578,0.028378941026997243,0.0018690977237270862,51,0.022107,173.5,15.0,118.0,201.0,209.0,143.3
双飞,65,0.10317460317460317,0.002111355052531523,1.3428766646906627,0.03771650900458537,0.0022807989418027214,9,0.003901,143.5,182.0,114.0,141.0,138.0,143.7
天地,60,0.09523809523809523,0.00505589623236682,1.2833359472985342,0.050739300577664126,0.0019791658294394613,23,0.00997,164.0,88.0,187.0,97.0,190.0,145.2
昨夜,69,0.10952380952380952,0.0011624990336474932,1.3460863088619266,0.041708641439861395,0.0023408350985225255,9,0.003901,125.5,246.0,109.0,122.0,128.0,146.1
天下,59,0.09365079365079365,0.0068244715303538836,1.2700866292019202,0.0493277641942063,0.0019487150166731728,28,0.012137,168.5,59.0,210.0,101.0,193.0,146.3
百年,61,0.09682539682539683,0.007721587133351839,1.3110520277075073,0.02703674085477132,0.0020557866514539546,26,0.01127,158.5,43.0,147.0,212.0,171.0,146.3
竹林,70,0.1111111111111111,0.0011019342672003735,1.3401951694741356,0.043010653965403114,0.0022889653937955366,9,0.003901,123.0,255.0,116.0,117.0,136.0,149.4
衣冠,67,0.10634920634920635,0.0008938270002695773,1.369316400694199,0.04166601663795811,0.0021436836019887284,9,0.003901,131.0,272.0,69.0,123.0,156.0,150.2
青春,60,0.09523809523809523,0.0022855488541763053,1.324300711207499,0.06021924316060367,0.0018568132720528372,20,0.008669,164.0,168.0,131.0,76.0,215.0,150.8
日照,64,0.10158730158730159,0.0024558171616995152,1.3191911021690894,0.031912214232446966,0.002294091389088186,11,0.004768,149.0,159.0,135.0,179.0,135.0,151.4
杨柳,60,0.09523809523809523,0.010033562974739445,1.2922256366424454,0.024946171986189983,0.0020271822638780073,37,0.016038,164.0,27.0,172.0,219.0,176.0,151.6
桃源,65,0.10317460317460317,0.0018415053709171358,1.3296999093353614,0.03780404490952511,0.0021501610424920436,11,0.004768,143.5,197.0,124.0,140.0,155.0,151.9
明年,65,0.10317460317460317,0.0018105500458441637,1.3121256368878205,0.040741685422339705,0.002239206808000757,16,0.006935,143.5,198.0,146.0,132.0,145.0,152.9
他人,84,0.13333333333333333,0.00015309427074132958,1.2560694797504364,0.12203471797096324,0.0032735123597575017,3,0.0013,72.5,415.0,229.0,12.0,42.0,154.1
楼上,59,0.09365079365079365,0.004480530951119186,1.3503993371982834,0.02711185810364957,0.0019425521687382928,15,0.006502,168.5,103.0,102.0,211.0,195.0,155.9
御沟,61,0.09682539682539683,0.003585181820475939,1.3189692667201456,0.02770015287564238,0.002098264434150439,16,0.006935,158.5,119.0,136.0,206.0,164.0,156.7
龙门,68,0.10793650793650794,0.0008944238356003061,1.344212986425446,0.041389410247581034,0.0022110414656451084,11,0.004768,128.5,271.0,112.0,128.0,149.0,157.7
零落,60,0.09523809523809523,0.0021851263027733614,1.3193042125282988,0.0343742403610286,0.0021817301165928363,10,0.004335,164.0,176.0,134.0,165.0,152.0,158.2
绿水,62,0.09841269841269841,0.0015671133318192138,1.3053671962491653,0.03577610318162825,0.0024058441006322446,9,0.003901,154.0,216.0,157.0,150.0,117.0,158.8
烟霞,61,0.09682539682539683,0.004623110505463447,1.3021576212318513,0.024792520396431476,0.002032605714313983,19,0.008236,158.5,99.0,158.0,222.0,174.0,162.3
云间,62,0.09841269841269841,0.0018543753837871484,1.3018058359199338,0.03475673241923437,0.0022673784969946082,15,0.006502,154.0,195.0,160.0,161.0,142.0,162.4
君王,55,0.0873015873015873,0.005655235066999773,1.3342828654980032,0.02332626716824783,0.0018637870005651553,24,0.010403,180.5,75.0,120.0,229.0,210.0,162.9
公卿,66,0.10476190476190476,0.0008929577837140864,1.30159838140663,0.03840262907226088,0.0024873358220582403,9,0.003901,135.5,273.0,162.0,139.0,109.0,163.7
日月,55,0.0873015873015873,0.0057835146070440175,1.2346223354260724,0.044707336816547885,0.0019109463926240396,27,0.011704,180.5,71.0,265.0,113.0,200.0,165.9
芳树,53,0.08412698412698413,0.005831882302470537,1.291379316405899,0.02906809022584278,0.0018944329018521432,25,0.010837,188.5,69.0,173.0,198.0,202.0,166.1
松柏,56,0.08888888888888889,0.0021874815992463047,1.2750171984641296,0.03556653715033534,0.0023251360615799462,11,0.004768,177.5,175.0,198.0,152.0,130.0,166.5
歌舞,49,0.07777777777777778,0.009314356373179903,1.317108909816537,0.02485465452356969,0.0018032170972073077,49,0.02124,216.0,31.0,139.0,221.0,227.0,166.8
未央,57,0.09047619047619047,0.004537646890588066,1.3056848717251348,0.02470882537782817,0.0020017147596925453,20,0.008669,173.5,100.0,156.0,223.0,184.0,167.3
使君,66,0.10476190476190476,0.0006191065014594427,1.2837848514015164,0.04535249004220616,0.0026199693232335903,5,0.002167,135.5,315.0,186.0,111.0,91.0,167.7
他乡,59,0.09365079365079365,0.003140956082132553,1.3017713080276416,0.02989154573129273,0.0020095278630907175,26,0.01127,168.5,137.0,161.0,195.0,179.0,168.1
君心,63,0.1,0.0009159579747815041,1.3166461241309138,0.03674154299141226,0.002280024311562421,8,0.003468,151.5,267.0,141.0,144.0,139.0,168.5
秋风,52,0.08253968253968254,0.012235765176941648,1.2541547209590749,0.033398689831385185,0.0017748569408646317,49,0.02124,194.5,16.0,232.0,170.0,232.0,168.9
所思,82,0.13015873015873017,4.037651096474626e-05,1.257075506856885,0.1226680514199739,0.003117353066668282,3,0.0013,79.0,477.0,227.0,11.0,52.0,169.2
氛氲,49,0.07777777777777778,0.009300476947535772,1.28793876097331,0.022753251840590724,0.0018770985574301897,24,0.010403,216.0,32.0,180.0,231.0,206.0,173.0
落日,53,0.08412698412698413,0.007719778602131542,1.3018726050826466,0.01613892668423876,0.0019817094993292575,22,0.009536,188.5,44.0,159.0,286.0,189.0,173.3
同心,57,0.09047619047619047,0.002285058167411109,1.3137679091981178,0.0301163650414365,0.0019835562056791834,13,0.005635,173.5,169.0,144.0,193.0,188.0,173.5
出入,81,0.12857142857142856,0.00014577602812896928,1.1965902397579562,0.1312749755064284,0.00331716304079252,2,0.000867,83.5,419.0,326.0,6.0,37.0,174.3
飘飖,66,0.10476190476190476,0.000579142567938086,1.3229859174764014,0.039850388849885794,0.0021920346164950202,9,0.003901,135.5,319.0,132.0,135.0,150.0,174.3
世人,81,0.12857142857142856,0.00011549364490540959,1.2012590338731213,0.13077320961178251,0.003303209139964276,2,0.000867,83.5,433.0,315.0,7.0,40.0,175.7
千秋,56,0.08888888888888889,0.0049860785154902795,1.2913154322852636,0.017923279051005808,0.002027415831273524,19,0.008236,177.5,91.0,174.0,264.0,175.0,176.3
垂杨,63,0.1,0.0005190905190905191,1.3169996472761374,0.04144875136607511,0.0022561148623217067,6,0.002601,151.5,324.0,140.0,127.0,143.0,177.1
长沙,54,0.08571428571428572,0.0031097484038660507,1.28968427343705,0.02301782367922966,0.0021007800434332097,12,0.005202,184.0,140.0,178.0,230.0,163.0,179.0
楚水,81,0.12857142857142856,9.025832555244319e-05,1.1917928648564324,0.1317506168701047,0.0033660556816122616,2,0.000867,83.5,443.5,331.0,5.0,33.0,179.2
苦辛,57,0.09047619047619047,0.0016390339919751685,1.3130954833304591,0.027365795968633342,0.002065622715547463,13,0.005635,173.5,210.0,145.0,208.0,167.0,180.7
千里,46,0.07301587301587302,0.011128775834658187,1.2734619007396806,0.02857219658128186,0.0016066430095445633,80,0.034677,229.5,20.0,201.0,199.0,259.0,181.7
感激,79,0.1253968253968254,9.025832555244319e-05,1.1972477418059457,0.13015072211337744,0.0032268491849910684,2,0.000867,93.5,443.5,323.0,8.0,46.0,182.8
相思,54,0.08571428571428572,0.0035598623833917944,1.3000161802490016,0.024978120733482725,0.001768261256602424,33,0.014304,184.0,120.0,165.0,218.0,234.0,184.2
月明,50,0.07936507936507936,0.006993968758674641,1.2706523052137817,0.018711408374291638,0.0019664305901159833,19,0.008236,207.0,56.0,209.0,260.0,191.0,184.6
落花,51,0.08095238095238096,0.00555008790302908,1.272029963889371,0.02548927096314978,0.0018330425673437488,33,0.014304,201.0,79.0,206.0,217.0,221.0,184.8
行乐,61,0.09682539682539683,0.000822671410906705,1.2598734381538967,0.04015759556241597,0.002322262660416247,12,0.005202,158.5,285.0,225.0,134.0,131.0,186.7
裴回,49,0.07777777777777778,0.009058217881747294,1.2729941668841078,0.02052898619831535,0.0017507925163719124,36,0.015605,216.0,34.0,202.0,245.0,238.0,187.0
春风,56,0.08888888888888889,0.002687561511090923,1.2673208283085822,0.03275700390666706,0.0018606659508600182,36,0.015605,177.5,153.0,218.0,175.0,212.0,187.1
归来,51,0.08095238095238096,0.005076505076505077,1.2870036348475944,0.020656411152078797,0.001805348923467579,17,0.007369,201.0,87.0,182.0,244.0,225.0,187.8
青云,52,0.08253968253968254,0.004178968884851237,1.2687962522932712,0.02571212564163235,0.0018719799935284446,15,0.006502,194.5,108.0,216.0,216.0,208.0,188.5
猿声,73,0.11587301587301588,0.00014047661106484635,1.2227894483681785,0.05776307172531144,0.002978361123314502,3,0.0013,111.5,423.0,280.0,81.0,60.0,191.1
风流,56,0.08888888888888889,0.0012799353975824564,1.2853291827292945,0.03030437438266686,0.0020650534227038306,7,0.003034,177.5,240.0,184.0,192.0,169.0,192.5
风吹,45,0.07142857142857142,0.006268453327276856,1.222874080966454,0.03525838942197484,0.0017904495403787716,38,0.016472,234.5,64.0,279.0,156.0,229.0,192.5
相亲,61,0.09682539682539683,0.0004098215862921746,1.297496886718006,0.036529848686035656,0.00225402293333741,6,0.002601,158.5,350.0,168.0,148.0,144.0,193.7
相寻,54,0.08571428571428572,0.0012924689395277628,1.2790146088155339,0.02819134602097716,0.002175904879333125,6,0.002601,184.0,237.0,193.0,203.0,153.0,194.0
窈窕,50,0.07936507936507936,0.007262724909783733,1.271925337934209,0.015763986298706217,0.0018625163547291107,26,0.01127,207.0,51.0,207.0,295.0,211.0,194.2
寥落,68,0.10793650793650794,0.00011818541230305935,1.2522231756587643,0.05116058486571045,0.0025545281706080623,4,0.001734,128.5,430.0,237.0,95.0,99.0,197.9
阳春,51,0.08095238095238096,0.0032311022507100933,1.2723459210951689,0.021483563674049883,0.0018474983391091261,20,0.008669,201.0,133.0,205.0,239.0,218.0,199.2
北阙,50,0.07936507936507936,0.0023287993876229167,1.2943103262393203,0.026247171322039617,0.0017303307081151069,14,0.006068,207.0,166.0,170.0,214.0,240.0,199.4
朝廷,52,0.08253968253968254,0.002068286774169127,1.2724691003147197,0.020715572423117584,0.002033184043656516,8,0.003468,194.5,184.0,204.0,243.0,173.0,199.7
羽翼,51,0.08095238095238096,0.0011281870105399516,1.3012503330271388,0.031364280676573354,0.0019301535432668902,6,0.002601,201.0,253.0,163.0,186.0,198.0,200.2
春草,51,0.08095238095238096,0.0022906940553999383,1.2768876357608216,0.02215250131200216,0.0018595193252160967,11,0.004768,201.0,167.0,194.0,234.0,213.0,201.8
江水,49,0.07777777777777778,0.001909374360354752,1.2664297244999128,0.03035000858154107,0.0019410795335260418,10,0.004335,216.0,191.0,219.0,191.0,196.0,202.6
南宫,54,0.08571428571428572,0.0004917582648675086,1.3151743467553028,0.03510277946465871,0.0018757727504184957,8,0.003468,184.0,328.0,142.0,157.0,207.0,203.6
行人,53,0.08412698412698413,0.001196616784852079,1.2847467665218077,0.027888477089036984,0.0019099262737781303,11,0.004768,188.5,244.0,185.0,205.0,201.0,204.7
青松,53,0.08412698412698413,0.000852533205474382,1.2965739925656092,0.03138709512806079,0.001878040577838932,11,0.004768,188.5,279.0,169.0,185.0,205.0,205.3
今年,52,0.08253968253968254,0.00115703939233351,1.2557320380408195,0.03326924134933054,0.001989352867979488,14,0.006068,194.5,247.0,230.0,172.0,186.0,205.9
思君,49,0.07777777777777778,0.002933521757051169,1.2995840406921135,0.01731783477383998,0.0017350709202143201,16,0.006935,216.0,144.0,166.0,269.0,239.0,206.8
莺啼,50,0.07936507936507936,0.0012324088794677032,1.3071274420644445,0.027596150613484284,0.0018041734195911084,8,0.003468,207.0,241.0,155.0,207.0,226.0,207.2
心期,69,0.10952380952380952,4.794710677063618e-05,1.2273412639216443,0.05488267547745358,0.0027483492759627242,3,0.0013,125.5,468.0,273.0,89.0,82.0,207.5
九重,44,0.06984126984126984,0.005775102833926363,1.244584548402625,0.019135618382904344,0.0017990571352779607,20,0.008669,241.0,72.0,245.0,255.0,228.0,208.2
月照,45,0.07142857142857142,0.0028154204624792857,1.2903662324199916,0.020777395679025052,0.0016991390703091937,18,0.007802,234.5,147.0,176.0,242.0,244.0,208.7
万年,46,0.07301587301587302,0.004261248042760647,1.2688369468755574,0.022233892696373537,0.0015385001212027555,28,0.012137,229.5,104.0,215.0,233.0,268.0,209.9
残月,58,0.09206349206349207,0.00036843566255330954,1.2692053407250132,0.03482093317581486,0.0022132385590483443,5,0.002167,171.0,362.0,212.0,160.0,148.0,210.6
流水,49,0.07777777777777778,0.004037651096474626,1.2334097046265289,0.024459924640234162,0.001726924121066728,28,0.012137,216.0,112.0,268.0,224.0,241.0,212.2
阳城,52,0.08253968253968254,0.000544241720712309,1.2678585754151472,0.03567875912925147,0.00200615005768859,11,0.004768,194.5,320.0,217.0,151.0,182.0,212.9
离别,52,0.08253968253968254,0.0018636283342165693,1.2524620820086723,0.019638596228362646,0.0019583437610689813,15,0.006502,194.5,193.0,235.0,253.0,192.0,213.5
还家,49,0.07777777777777778,0.00119951884657767,1.269080719262738,0.02490576624776702,0.0020112016179567025,6,0.002601,216.0,243.0,213.0,220.0,178.0,214.0
杜陵,49,0.07777777777777778,0.0010573598808892926,1.2140712289192046,0.037414538700227366,0.002130504861865248,4,0.001734,216.0,261.0,295.0,143.0,159.0,214.8
玉楼,60,0.09523809523809523,8.327655386478915e-05,1.2523166566074497,0.047054191523698,0.002366602348499074,3,0.0013,164.0,446.0,236.0,106.0,123.0,215.0
岁寒,45,0.07142857142857142,0.0015919761297912558,1.3077280377283609,0.024366579584555573,0.0016674263502111544,10,0.004335,234.5,215.0,153.0,226.0,247.0,215.1
含情,49,0.07777777777777778,0.0015973957150427738,1.2826592688092118,0.020468565440715337,0.0018166058197639546,11,0.004768,216.0,213.0,189.0,247.0,222.0,217.4
思归,50,0.07936507936507936,0.0018623665682489209,1.2347262646169295,0.01805750850374181,0.0021236422174322816,8,0.003468,207.0,194.0,264.0,261.0,162.0,217.6
风尘,48,0.0761904761904762,0.004997854997854998,1.2437667543278739,0.015156874691880998,0.0017842653081691473,23,0.00997,224.0,90.0,248.0,309.0,231.0,220.4
岐路,46,0.07301587301587302,0.003138011961541372,1.2572842333665382,0.020380549503311866,0.0016042536669293634,20,0.008669,229.5,138.0,226.0,249.0,260.0,220.5
花开,42,0.06666666666666667,0.0024537142184201015,1.282640356952215,0.023825046324702802,0.0015003028733420471,25,0.010837,251.0,160.0,190.0,228.0,276.0,221.0
红粉,43,0.06825396825396825,0.0022389616507263567,1.3003161943801977,0.016560431794833897,0.0017162230103176597,12,0.005202,246.5,171.0,164.0,281.0,243.0,221.1
路难,50,0.07936507936507936,0.0007063365886895297,1.2688738719613093,0.028419713760185695,0.0019273926933899863,8,0.003468,207.0,299.0,214.0,200.0,199.0,223.8
烟波,54,0.08571428571428572,0.00014720602955897074,1.2827385286653121,0.03432817020201472,0.002096285931509971,7,0.003034,184.0,418.0,188.0,166.0,165.0,224.2
高楼,44,0.06984126984126984,0.001871349140256703,1.3104796090152884,0.01580056421343884,0.001635256164146044,11,0.004768,241.0,192.0,149.0,292.0,251.0,225.0
去年,52,0.08253968253968254,0.00040628864158275923,1.2536163398884852,0.030590594064053407,0.002065480634788842,5,0.002167,194.5,351.0,233.0,190.0,168.0,227.3
才子,66,0.10476190476190476,5.047063870593282e-06,1.2145521578358263,0.054434130694752995,0.002590581670644883,3,0.0013,135.5,525.0,294.0,90.0,94.0,227.7
扁舟,79,0.1253968253968254,0.0,1.081527674526696,0.1482667862892847,0.0036926287083649525,1,0.000433,93.5,581.5,453.0,3.0,17.0,229.6
草绿,45,0.07142857142857142,0.001139038197861727,1.2904346720427569,0.022473910033816644,0.0016108903170865584,12,0.005202,234.5,252.0,175.0,232.0,257.0,230.1
游人,39,0.06190476190476191,0.0021466844996256757,1.2729357050197239,0.021608914002825507,0.0015243281969406156,15,0.006502,265.0,179.0,203.0,238.0,271.0,231.2
今来,40,0.06349206349206349,0.002108681310361983,1.2855532347533296,0.016726860645783558,0.0015712186727936841,10,0.004335,259.5,183.0,183.0,278.0,262.0,233.1
北风,48,0.0761904761904762,0.0010674540086304792,1.2566602043347843,0.021471618249514036,0.0018557321645954901,13,0.005635,224.0,259.0,228.0,240.0,216.0,233.4
潺湲,45,0.07142857142857142,0.0009252950429421017,1.274600299154355,0.02214063189562417,0.0017661067636038693,7,0.003034,234.5,266.0,200.0,235.0,235.0,234.1
路傍,43,0.06825396825396825,0.001383736677854325,1.2764831192948727,0.019895986645643658,0.0016422433849526748,10,0.004335,246.5,230.0,195.0,252.0,249.0,234.5
金陵,49,0.07777777777777778,0.000379118614412732,1.2751046086713065,0.0318317975075627,0.0018153676809433868,6,0.002601,216.0,360.0,197.0,180.0,223.0,235.2
风波,41,0.06507936507936508,0.0017054869996046467,1.263303206900605,0.016530119024430023,0.001833889681941367,7,0.003034,255.0,204.0,220.0,282.0,220.0,236.2
山路,38,0.06031746031746032,0.0021193462369932955,1.299282622548435,0.01617553340921145,0.001490099766803206,8,0.003468,271.5,181.0,167.0,285.0,280.0,236.9
生死,37,0.05873015873015873,0.002794391029685147,1.2872731314430548,0.01595829763644761,0.0014525363499045285,9,0.003901,280.0,148.0,181.0,289.0,291.0,237.8
欢娱,35,0.05555555555555555,0.006242376830612125,1.274932235833889,0.011041212648043475,0.001488114034571979,24,0.010403,290.5,65.0,199.0,364.0,282.0,240.1
独坐,44,0.06984126984126984,0.0015269050563168208,1.2901970939485972,0.015139983047618499,0.001610225107746088,11,0.004768,241.0,219.0,177.0,310.0,258.0,241.0
今已,49,0.07777777777777778,0.00044582397523573996,1.2619295634944978,0.026617945774306952,0.0018513413078000288,9,0.003901,216.0,342.0,221.0,213.0,217.0,241.8
人情,42,0.06666666666666667,0.001211463564404741,1.2546636345177418,0.018931519672346638,0.001785226252364324,6,0.002601,251.0,242.0,231.0,256.0,230.0,242.0
双阙,48,0.0761904761904762,0.00031544149191208015,1.2884657965342186,0.029984696367073894,0.0016694240714969567,8,0.003468,224.0,367.5,179.0,194.0,246.0,242.1
今日,37,0.05873015873015873,0.007081030610442375,1.2244856452809225,0.015220336073265435,0.0013597774240160813,62,0.026875,280.0,52.0,274.0,307.0,309.0,244.4
万户,48,0.0761904761904762,0.00023300611535905652,1.2535802400892693,0.034640629897913444,0.0018472810326332688,5,0.002167,224.0,387.0,234.0,164.0,219.0,245.6
参差,40,0.06349206349206349,0.004977246153716742,1.216999284773384,0.015922225236528094,0.0013864477127896997,39,0.016905,259.5,92.0,290.0,290.0,303.0,246.9
风霜,44,0.06984126984126984,0.002436049494873024,1.250752133839722,0.01104041361860406,0.001758848367827233,14,0.006068,241.0,161.0,239.0,365.0,236.0,248.4
风起,37,0.05873015873015873,0.0029966941731647614,1.2812515714397994,0.015657754619760333,0.0012995228125536546,27,0.011704,280.0,143.0,192.0,298.0,332.0,249.0
洞庭,38,0.06031746031746032,0.003941336294277471,1.2235330691575248,0.014853887466249677,0.0014911921366258132,24,0.010403,271.5,113.0,276.0,314.0,278.0,250.5
万古,47,0.0746031746031746,0.000635088870382988,1.1883445760601663,0.02714151406338311,0.0021256123160930404,8,0.003468,227.0,312.0,344.0,210.0,161.0,250.8
关河,40,0.06349206349206349,0.001954823971630695,1.2763776224786387,0.01177735541661097,0.0015813950951342798,10,0.004335,259.5,188.0,196.0,356.0,261.0,252.1
王孙,50,0.07936507936507936,4.037651096474626e-05,1.2232653869150263,0.040777534492755584,0.0020117326845423725,9,0.003901,207.0,477.0,277.0,131.0,177.0,253.8
明主,38,0.06031746031746032,0.0019279783985666338,1.2353787628931188,0.019619228796981,0.001417360698598452,23,0.00997,271.5,189.0,262.0,254.0,294.0,254.1
有情,45,0.07142857142857142,0.0006662124309183132,1.1962914850032376,0.02426250089295157,0.002004651714552026,7,0.003034,234.5,309.0,327.0,227.0,183.0,256.1
干戈,32,0.050793650793650794,0.004225233636998342,1.2383929531902698,0.014117116049721467,0.0014539169480689356,9,0.003901,314.5,106.0,258.0,321.0,290.0,257.9
肠断,46,0.07301587301587302,0.0004407769113651467,1.2454337530548538,0.021464516955836312,0.001755127501716183,9,0.003901,229.5,344.0,244.0,241.0,237.0,259.1
主人,38,0.06031746031746032,0.00133452780511604,1.2104275311503716,0.020500419679500455,0.0016196646506588743,8,0.003468,271.5,233.0,298.0,246.0,254.0,260.5
江海,38,0.06031746031746032,0.0016809947202104068,1.2477112717214351,0.013816018439037887,0.001561885687997472,10,0.004335,271.5,205.0,240.0,327.0,263.0,261.3
相对,52,0.08253968253968254,1.7664723547076487e-05,1.1967625475903787,0.037571438610783714,0.002231855486102494,4,0.001734,194.5,498.0,325.0,142.0,147.0,261.3
万里,32,0.050793650793650794,0.009851868675398086,1.2427106072410108,0.01302469601286549,0.0011597191416260072,89,0.038578,314.5,28.0,250.0,334.0,381.0,261.5
沧海,36,0.05714285714285714,0.0028928087751617167,1.2312896907575486,0.012992996932325135,0.0015310499670987058,10,0.004335,286.5,146.0,270.0,336.0,269.0,261.5
相送,39,0.06190476190476191,0.0013627072450601862,1.2425947663517898,0.015895171052030203,0.001524353539501623,13,0.005635,265.0,231.0,251.0,291.0,270.0,261.6
相知,43,0.06825396825396825,0.0001793390028684146,1.2692929685382386,0.03156120831834986,0.0015047708183348139,8,0.003468,246.5,403.0,211.0,184.0,273.0,263.5
陌上,41,0.06507936507936508,0.0003642297759944818,1.2611065377538475,0.02909543740214746,0.0014894937782177682,8,0.003468,255.0,363.0,222.0,197.0,281.0,263.6
古人,44,0.06984126984126984,0.0003465650524474054,1.2036829994361913,0.031209504150051574,0.0018569982952690834,10,0.004335,241.0,364.0,312.0,187.0,214.0,263.6
千金,39,0.06190476190476191,0.005474718415894886,1.2124785474534716,0.008921313979175933,0.0014962168698904941,32,0.013871,265.0,81.0,297.0,402.0,277.0,264.4
分明,40,0.06349206349206349,0.0008361582871386792,1.2461237318621574,0.016431721280210188,0.0016130551829142896,9,0.003901,259.5,282.0,243.0,283.0,256.0,264.7
高台,38,0.06031746031746032,0.0008853671598769638,1.243800221037514,0.020096788493235714,0.0014795427390380362,11,0.004768,271.5,274.0,247.0,250.0,284.0,265.3
行路,40,0.06349206349206349,0.0007335066158595569,1.208171176944823,0.024439448315573913,0.0016392554328400603,8,0.003468,259.5,298.0,306.0,225.0,250.0,267.7
萧索,43,0.06825396825396825,0.0003151050209873739,1.2423663024397713,0.020404522932610945,0.001807268344461411,6,0.002601,246.5,369.0,252.0,248.0,224.0,267.9
空馀,39,0.06190476190476191,0.001143580555345261,1.2715481032359328,0.015334667143448324,0.0013485497830588947,14,0.006068,265.0,251.0,208.0,304.0,313.0,268.2
故人,36,0.05714285714285714,0.005550508491684962,1.185737796716909,0.010922468070231355,0.0015434896246873987,39,0.016905,286.5,78.0,348.0,366.0,266.0,268.9
路长,36,0.05714285714285714,0.0022194463370933957,1.2294163935791351,0.011895917712985085,0.0015494776028331415,16,0.006935,286.5,173.0,272.0,353.0,264.0,269.7
月下,39,0.06190476190476191,0.0008180449356919946,1.2468662293351318,0.017298861286169753,0.0014419304945487066,12,0.005202,265.0,286.0,241.0,270.0,292.0,270.8
紫微,37,0.05873015873015873,0.002148366854249207,1.2435864226268727,0.012979170339147238,0.0013507320164182863,15,0.006502,280.0,178.0,249.0,337.0,311.0,271.0
百花,35,0.05555555555555555,0.0014412311471134998,1.2822205095871984,0.014763166639554983,0.0012980005319401778,10,0.004335,290.5,226.0,191.0,315.0,333.0,271.1
天上,38,0.06031746031746032,0.003260998092930866,1.2128861459847324,0.010193145609440856,0.0014640873636615015,28,0.012137,271.5,131.0,296.0,378.0,288.0,272.9
门前,41,0.06507936507936508,0.00013862602097896212,1.2610483246048239,0.029495420882815718,0.0015005019176232372,8,0.003468,255.0,425.0,223.0,196.0,275.0,274.8
自怜,34,0.05396825396825397,0.003452486099544924,1.2361899869545068,0.010028106715658463,0.0013217358897514172,22,0.009536,295.0,121.0,261.0,385.0,322.0,276.8
鱼龙,37,0.05873015873015873,0.0008336067159596571,1.218087808133413,0.016703139393966032,0.0015118350972324302,9,0.003901,280.0,283.0,289.0,279.0,272.0,280.6
江上,33,0.05238095238095238,0.0032995660726753166,1.2341189291067374,0.01031379632083185,0.001299606588296397,20,0.008669,303.5,129.0,267.0,375.0,331.0,281.1
逢人,30,0.047619047619047616,0.003189744366214954,1.14594286087702,0.014313099940197744,0.0016843028719959476,4,0.001734,332.5,136.0,397.0,319.0,245.0,285.9
阙下,44,0.06984126984126984,0.00023721200191788427,1.1394165080616974,0.028362577470660923,0.001933004121332843,7,0.003034,241.0,386.0,405.0,202.0,197.0,286.2
消息,48,0.0761904761904762,2.018825548237313e-05,1.1746202027783772,0.0333154199664295,0.0020081419733459535,3,0.0013,224.0,494.5,362.0,171.0,181.0,286.5
明月,28,0.044444444444444446,0.007035607035607036,1.188172142379988,0.016925252740606342,0.00107494521531641,78,0.03381,352.5,54.0,345.0,276.0,406.0,286.7
君子,33,0.05238095238095238,0.002338052338052338,1.232499709721864,0.012072024792486957,0.0012543142647155774,15,0.006502,303.5,165.0,269.0,349.0,348.0,286.9
楼台,31,0.049206349206349205,0.003649447767094826,1.238929683926324,0.00818934573800961,0.0013092973088128976,14,0.006068,324.5,116.0,257.0,413.0,329.0,287.9
秋天,38,0.06031746031746032,0.00037979155626214446,1.196894705701745,0.02185744134000222,0.001627443143820254,4,0.001734,271.5,359.0,324.0,237.0,252.0,288.7
楼前,42,0.06666666666666667,5.299417064122946e-05,1.2068557845056547,0.03232000320105598,0.001664655078038338,5,0.002167,251.0,461.5,307.0,177.0,248.0,288.9
风雨,34,0.05396825396825397,0.0010405363346539817,1.2347308261810326,0.01225271555746638,0.0014861255974499017,9,0.003901,295.0,262.0,263.0,344.0,283.0,289.4
落叶,33,0.05238095238095238,0.001473916894084961,1.2440488504256015,0.009924690539852255,0.0014569814751922837,10,0.004335,303.5,222.0,246.0,387.0,289.0,289.5
道路,37,0.05873015873015873,0.0007822948999419587,1.1877234886736587,0.017569183529964536,0.0015471780256161754,11,0.004768,280.0,291.0,347.0,268.0,265.0,290.2
春色,31,0.049206349206349205,0.004518131576955107,1.2200701634851026,0.010428276072967023,0.0011940409123344278,31,0.013437,324.5,102.0,286.0,371.0,371.0,290.9
蛟龙,42,0.06666666666666667,6.931301048948107e-05,1.1820490208112302,0.03354240730754907,0.0017694256928785885,6,0.002601,251.0,456.0,350.0,169.0,233.0,291.8
莲花,36,0.05714285714285714,0.0006830359771536242,1.2093305332942066,0.0157676356662307,0.0014779723620965668,12,0.005202,286.5,303.0,299.0,294.0,285.0,293.5
日暮,29,0.046031746031746035,0.002694038576391517,1.2225787947666873,0.017013429418447114,0.001013527097944279,32,0.013871,340.5,151.0,281.0,274.0,424.0,294.1
相见,33,0.05238095238095238,0.0006132182602770837,1.2520973375700333,0.017181359264549945,0.0012673325162298528,7,0.003034,303.5,316.0,238.0,272.0,342.0,294.3
清风,34,0.05396825396825397,0.0008756655815479346,1.2038925561207845,0.0171104325431991,0.0013392764423551856,12,0.005202,295.0,276.0,311.0,273.0,317.0,294.4
百尺,37,0.05873015873015873,0.0002893649952473482,1.1892920448387265,0.027244925156427693,0.001540307228192462,8,0.003468,280.0,375.0,341.0,209.0,267.0,294.4
池上,35,0.05555555555555555,0.0002954214718920601,1.199609286113028,0.021933586930961903,0.0015009107332183778,7,0.003034,290.5,373.0,318.0,236.0,274.0,298.3
生涯,33,0.05238095238095238,0.0008475562397131024,1.2463688946429279,0.0129631183387158,0.0013110902525512698,10,0.004335,303.5,281.0,242.0,338.0,328.0,298.5
文章,33,0.05238095238095238,0.0007851188523457432,1.2193980518165084,0.014180358101271256,0.0013756355939468212,10,0.004335,303.5,289.0,287.0,320.0,305.0,300.9
城中,32,0.050793650793650794,0.0010893246187363835,1.2396940031414199,0.009628166210635156,0.001429789252038733,8,0.003468,314.5,256.0,256.0,390.0,293.0,301.9
徘徊,32,0.050793650793650794,0.0013395748689866334,1.2342351704915357,0.011433905629268912,0.0012615140874189417,14,0.006068,314.5,232.0,266.0,360.0,344.0,303.3
焚香,33,0.05238095238095238,0.0005316240610358257,1.241214132258423,0.013980460946272722,0.0013478919441969718,6,0.002601,303.5,322.0,254.0,325.0,314.0,303.7
来往,44,0.06984126984126984,1.5141191611779846e-05,1.120909102118182,0.03289972551765134,0.0020088622470349113,2,0.000867,241.0,503.0,421.0,174.0,180.0,303.8
黄河,35,0.05555555555555555,0.00022753846283258045,1.220186609219713,0.018813428707947392,0.0014083054917563612,8,0.003468,290.5,388.0,285.0,259.0,297.0,303.9
千年,33,0.05238095238095238,0.0017816135463194285,1.1948161456362993,0.010277544594877605,0.0013215834982412944,29,0.01257,303.5,200.0,329.0,376.0,323.0,306.3
回首,34,0.05396825396825397,0.0008277184747772983,1.2048037153484539,0.014068882675130127,0.0013334597883673746,16,0.006935,295.0,284.0,310.0,323.0,320.0,306.4
从军,40,0.06349206349206349,5.55177025765261e-05,1.1041828021951154,0.03173361063926857,0.00188388893402934,4,0.001734,259.5,460.0,436.0,181.0,204.0,308.1
白雪,32,0.050793650793650794,0.00048704166351225167,1.260050429738299,0.012233196649826918,0.001319252753328669,6,0.002601,314.5,333.0,224.0,345.0,324.0,308.1
古木,32,0.050793650793650794,0.0008164008164008163,1.2005357911200047,0.013414075978581538,0.0014167790459540608,10,0.004335,314.5,287.0,316.0,329.0,296.0,308.5
花前,37,0.05873015873015873,5.131181601769836e-05,1.175734389687261,0.03110213075859886,0.0016218379275952375,10,0.004335,280.0,464.0,359.0,188.0,253.0,308.8
相看,33,0.05238095238095238,0.0005993388346329522,1.1897283971685944,0.015592696700218416,0.0014721596579382694,6,0.002601,303.5,318.0,339.0,300.0,286.0,309.3
世上,31,0.049206349206349205,0.000516062280768163,1.2221938957770313,0.014587420338438592,0.00139023927816458,5,0.002167,324.5,325.0,282.0,316.0,301.0,309.7
日夜,29,0.046031746031746035,0.0008773479361714655,1.2398446880015468,0.015164217275832087,0.0011916942938927913,7,0.003034,340.5,275.0,255.0,308.0,373.0,310.3
明日,26,0.04126984126984127,0.0038820332937980003,1.1917902225227466,0.007505645334231118,0.0013725775813966062,9,0.003901,378.5,114.0,332.0,422.0,306.0,310.5
相忆,37,0.05873015873015873,0.00010094127741186565,1.1851655960213021,0.020020722574350606,0.0017177922849234677,4,0.001734,280.0,439.0,349.0,251.0,242.0,312.2
光辉,29,0.046031746031746035,0.003210437328084387,1.2029645422821404,0.009108448535261986,0.0011603694298659563,30,0.013004,340.5,134.0,313.0,398.0,380.0,313.1
秋色,31,0.049206349206349205,0.0009029197264491379,1.2365547973860802,0.010498356497355274,0.00126282939781953,11,0.004768,324.5,269.0,260.0,370.0,343.0,313.3
黄叶,32,0.050793650793650794,0.0004693769399651752,1.2092643724463323,0.015690897043022855,0.0013087710891618422,11,0.004768,314.5,336.0,300.0,297.0,330.0,315.5
河汉,33,0.05238095238095238,0.00031544149191208015,1.2308085974082672,0.01620657211764708,0.0012442162631481886,8,0.003468,303.5,367.5,271.0,284.0,353.0,315.8
多情,42,0.06666666666666667,5.047063870593282e-06,1.095378226486119,0.03212031635800196,0.0019974958850707595,2,0.000867,251.0,525.0,445.0,178.0,185.0,316.8
十载,34,0.05396825396825397,0.00013879425644131526,1.2091738476686473,0.018850964884780937,0.001360918593080096,6,0.002601,295.0,424.0,301.0,258.0,308.0,317.2
寒食,33,0.05238095238095238,0.0006217982688570924,1.1950647468059001,0.01266009260569505,0.001386549039791678,8,0.003468,303.5,314.0,328.0,340.0,302.0,317.5
走马,29,0.046031746031746035,0.0009118362059538529,1.223047261000025,0.013068505512675231,0.0012023009584028678,8,0.003468,340.5,268.0,278.0,333.0,370.0,317.9
殷勤,27,0.04285714285714286,0.0021428992017227316,1.2182298867204961,0.009085734703377802,0.0012186067628753526,10,0.004335,365.5,180.0,288.0,400.0,364.0,319.5
辛苦,30,0.047619047619047616,0.000694391870862459,1.237477547295773,0.012637219337139027,0.0011937684762847076,12,0.005202,332.5,301.0,259.0,341.0,372.0,321.1
清明,31,0.049206349206349205,0.000752012516718399,1.2215401764496172,0.011165262796582046,0.0012773651153540416,10,0.004335,324.5,296.0,283.0,363.0,339.0,321.1
凉风,31,0.049206349206349205,0.0004592828122239887,1.2147383486568462,0.012163210693231724,0.001362790638724593,9,0.003901,324.5,339.0,292.0,347.0,307.0,321.9
婵娟,30,0.047619047619047616,0.00026833556245320947,1.2090437903340125,0.017954467348271597,0.001282958708026091,7,0.003034,332.5,380.0,302.0,263.0,337.0,322.9
物外,28,0.044444444444444446,0.0017580605815899933,1.2149585207086238,0.007030620735107362,0.001283663450328284,12,0.005202,352.5,202.0,291.0,436.0,336.0,323.5
潇湘,32,0.050793650793650794,0.0006119564943094355,1.175436875463101,0.012111529913058977,0.0014902232573146407,5,0.002167,314.5,317.0,360.0,348.0,279.0,323.7
仙人,26,0.04126984126984127,0.005522811727293519,1.1712042328614878,0.004715593966544483,0.0014170758243215009,22,0.009536,378.5,80.0,367.0,509.0,295.0,325.9
登临,32,0.050793650793650794,0.00044666515254750545,1.2050083866862271,0.011811925469034661,0.0013493926535430854,9,0.003901,314.5,341.0,309.0,354.0,312.0,326.1
春光,31,0.049206349206349205,0.0007032242326359972,1.2086759078982512,0.01302273454902642,0.0012116994363523138,11,0.004768,324.5,300.0,304.0,335.0,367.0,326.1
芳草,29,0.046031746031746035,0.0015968910086557146,1.1931209373782294,0.00993127258065288,0.0012131329425578085,12,0.005202,340.5,214.0,330.0,386.0,366.0,327.3
风烟,28,0.044444444444444446,0.003204044380514968,1.1989609712873417,0.006563107807627691,0.0011404236629119742,30,0.013004,352.5,135.0,319.0,446.0,392.0,328.9
雨雪,28,0.044444444444444446,0.0006670536082300788,1.199679719791379,0.01438059416104355,0.0012495009547496448,7,0.003034,352.5,308.0,317.0,318.0,350.0,329.1
苍生,32,0.050793650793650794,0.00017412370353546823,1.1814483024055327,0.016820973737370883,0.0013955454641963625,6,0.002601,314.5,406.5,352.0,277.0,298.0,329.6
别后,33,0.05238095238095238,0.0002981973570208864,1.2146726720906211,0.011670086203378652,0.0013151035461157804,12,0.005202,303.5,372.0,293.0,357.0,326.0,330.3
玲珑,29,0.046031746031746035,0.0004895651954475484,1.1601351402017057,0.018867152122364596,0.001242298489079314,8,0.003468,340.5,329.5,381.0,257.0,356.0,332.8
太守,31,0.049206349206349205,0.00042142983319453904,1.166675788342923,0.014936762090921226,0.0013783001749720777,5,0.002167,324.5,349.0,374.0,313.0,304.0,332.9
笙歌,26,0.04126984126984127,0.0011465306843458103,1.2205979436919685,0.010330410872616633,0.0011615637333480748,8,0.003468,378.5,250.0,284.0,373.0,379.0,332.9
白云,23,0.03650793650793651,0.008201478789714084,1.1203789729180784,0.011936128634888627,0.0009557094667984428,99,0.042913,403.0,39.0,422.0,351.0,450.0,333.0
自然,30,0.047619047619047616,0.0010639491031647894,1.1981746824308848,0.008839426328641405,0.001244907547311497,10,0.004335,332.5,260.0,321.0,405.0,352.0,334.1
微风,31,0.049206349206349205,0.00019515313632960694,1.1737832711662934,0.015447595518130151,0.0013951540453328924,3,0.0013,324.5,395.0,363.0,302.0,299.0,336.7
花飞,29,0.046031746031746035,0.0018501694972283206,1.1753750201912636,0.006134864232974202,0.0012977530753847106,14,0.006068,340.5,196.0,361.0,456.0,334.0,337.5
玉树,27,0.04285714285714286,0.0007838090191031365,1.2412838305479938,0.010317332769675927,0.001073790378744283,12,0.005202,365.5,290.0,253.0,374.0,407.0,337.9
秋月,27,0.04285714285714286,0.0011890041301806007,1.2084004500681722,0.011439468542586715,0.0010432904967026448,19,0.008236,365.5,245.0,305.0,359.0,415.0,337.9
南北,29,0.046031746031746035,0.0002388943565414154,1.1886526306777956,0.015479039354256425,0.0013143370920592923,4,0.001734,340.5,385.0,343.0,301.0,327.0,339.3
翠微,27,0.04285714285714286,0.0015242132889191713,1.1649085887817154,0.012006740587870652,0.0011142799378706047,17,0.007369,365.5,220.0,377.0,350.0,399.0,342.3
秋水,30,0.047619047619047616,0.00046096516684751977,1.1904719027977197,0.00927442142609912,0.0013410415458205889,5,0.002167,332.5,338.0,336.0,394.0,316.0,343.3
北斗,29,0.046031746031746035,0.0010262363203539673,1.18773404205034,0.008368394352496185,0.0012317039812907288,19,0.008236,340.5,264.0,346.0,409.0,358.0,343.5
客心,21,0.03333333333333333,0.003117403117403117,1.1902088185665909,0.008259406296021524,0.0010704021291215488,13,0.005635,422.5,139.0,337.0,411.0,409.0,343.7
山下,28,0.044444444444444446,0.0012912071735601146,1.1813723259358468,0.006178556861848857,0.0012950578394735988,16,0.006935,352.5,238.0,353.0,453.0,335.0,346.3
日落,25,0.03968253968253968,0.0012802718685071626,1.1908680877914306,0.010416236444950292,0.0010129998227920258,15,0.006502,388.5,239.0,335.0,372.0,425.0,351.9
两相,27,0.04285714285714286,0.0003179650238473768,1.1611998816984306,0.016120674223882282,0.0012140134641807523,4,0.001734,365.5,366.0,380.0,287.0,365.0,352.7
夜月,26,0.04126984126984127,0.0007548304607128134,1.2089594139947282,0.009127066302578968,0.0010801278139083096,11,0.004768,378.5,294.0,303.0,397.0,404.0,355.3
功名,26,0.04126984126984127,0.00045103927456868634,1.1550590652928727,0.013533479234559435,0.0012575325307070796,7,0.003034,378.5,340.0,385.0,328.0,345.0,355.3
帝城,28,0.044444444444444446,0.0002498296615943675,1.1898886638364528,0.012212940899856532,0.0012326129421399712,7,0.003034,352.5,383.0,338.0,346.0,357.0,355.3
八月,31,0.049206349206349205,2.439414204120086e-05,1.134467951466748,0.01765424922610059,0.0014696536698337492,3,0.0013,324.5,491.0,412.0,267.0,287.0,356.3
猿啼,28,0.044444444444444446,0.0007772478360713654,1.1462943874162583,0.009065735536818116,0.0012726125396465115,10,0.004335,352.5,292.0,396.0,401.0,340.0,356.3
蓬莱,26,0.04126984126984127,0.001444722032957327,1.1779278290387558,0.00745750585135394,0.0011076059525841281,13,0.005635,378.5,225.0,356.0,424.0,400.0,356.7
望乡,28,0.044444444444444446,0.0006313035724800431,1.181914745787867,0.009104360414200827,0.0012070883964104785,11,0.004768,352.5,313.0,351.0,399.0,369.0,356.9
太平,26,0.04126984126984127,0.0008558979147214441,1.2016576375001902,0.006708201673192946,0.001167950762301996,11,0.004768,378.5,278.0,314.0,440.0,376.0,357.3
马蹄,28,0.044444444444444446,0.0001808531220295926,1.1761415299716866,0.013936504131011484,0.001253264508714232,7,0.003034,352.5,402.0,358.0,326.0,349.0,357.5
断肠,25,0.03968253968253968,0.00043068278362396004,1.197368328099038,0.012854045657426672,0.0011187176131294658,8,0.003468,388.5,345.0,322.0,339.0,398.0,358.5
清晨,27,0.04285714285714286,0.000393670981906276,1.1655156573625136,0.014095940213991959,0.001166962960783448,9,0.003901,365.5,354.0,376.0,322.0,377.0,358.9
梧桐,27,0.04285714285714286,0.0004264768970651323,1.1466500532241284,0.012563027677352491,0.0012563149643836063,5,0.002167,365.5,347.0,395.0,342.0,347.0,359.3
黄鹤,26,0.04126984126984127,0.0008479067302596714,1.1808636568373925,0.009697662523834968,0.0011216689116939097,13,0.005635,378.5,280.0,354.0,389.0,397.0,359.7
草木,27,0.04285714285714286,0.0003887921534980359,1.189321602368464,0.010042227712575161,0.0012266530601391546,9,0.003901,365.5,356.0,340.0,382.0,360.0,360.7
姓名,29,0.046031746031746035,2.018825548237313e-05,1.149567056806491,0.017187100022257026,0.001353679483343331,3,0.0013,340.5,494.5,391.0,271.0,310.0,361.4
鸟飞,28,0.044444444444444446,4.374122021180845e-05,1.1726410316801985,0.01692688752905708,0.0012438766103097766,4,0.001734,352.5,474.0,366.0,275.0,354.0,364.3
管弦,24,0.0380952380952381,0.0013240130887189707,1.2240677411678373,0.005430267473445202,0.0009630008149699886,15,0.006502,396.0,234.0,275.0,480.0,446.0,366.2
年华,22,0.03492063492063492,0.0011469452645923232,1.2067894248881792,0.008803984403725746,0.000877259447194931,13,0.005635,411.0,249.0,308.0,406.0,467.0,368.2
人家,24,0.0380952380952381,0.0003949327478739243,1.1782381236416493,0.011810965069581915,0.0011560159558517652,5,0.002167,396.0,353.0,355.0,355.0,384.0,368.6
夜长,28,0.044444444444444446,0.00016150604385898503,1.1086126833023102,0.013162878992621866,0.0013388828919786609,8,0.003468,352.5,411.5,430.0,332.0,318.0,368.8
东西,27,0.04285714285714286,0.00022459434224140104,1.1400504596105285,0.010584971110844757,0.0013222966824167114,5,0.002167,365.5,389.0,403.0,367.0,321.0,369.1
春水,28,0.044444444444444446,5.131181601769838e-05,1.131987731969756,0.015436374696818347,0.001346345341646803,3,0.0013,352.5,463.0,414.0,303.0,315.0,369.5
中原,26,0.04126984126984127,8.075302192949251e-05,1.1063452120360209,0.01776771509766711,0.0013157924582048869,4,0.001734,378.5,447.0,432.0,265.0,325.0,369.5
逍遥,24,0.0380952380952381,0.0006721006721006721,1.188787254455568,0.010028971620734052,0.0010161031956790036,9,0.003901,396.0,306.0,342.0,384.0,422.0,370.0
镜中,25,0.03968253968253968,0.0014527132174190997,1.173703541041227,0.0059135554587939855,0.001022186255524685,18,0.007802,388.5,223.0,364.0,459.0,419.0,370.7
黄昏,30,0.047619047619047616,0.0,0.976526741550075,0.03544806997495606,0.0016154543865494586,4,0.001734,332.5,581.5,533.0,153.0,255.0,371.0
归路,25,0.03968253968253968,0.0013025630672689494,1.1404661609814364,0.006567092478715431,0.0011502386067907462,21,0.009103,388.5,235.0,402.0,445.0,387.0,371.5
山川,21,0.03333333333333333,0.003691927221338986,1.1704836050324285,0.005414978364143557,0.0008670254002574626,50,0.021673,422.5,115.0,368.0,482.0,470.0,371.5
台上,18,0.02857142857142857,0.0033658027775674837,1.1250269705126412,0.005402486971464648,0.0011553486034007274,6,0.002601,449.0,125.0,418.0,483.0,385.0,372.0
江流,23,0.03650793650793651,0.0007444419209125091,1.1369692447545356,0.009269283998944734,0.0012278113580757742,7,0.003034,403.0,297.0,407.0,395.0,359.0,372.2
山水,26,0.04126984126984127,0.0016697369638546107,1.1256837302470044,0.005582606772490565,0.0011433212383772668,26,0.01127,378.5,206.0,416.0,471.0,390.0,372.3
萧萧,27,0.04285714285714286,0.00017917076740606153,1.164598294805159,0.01334053835080923,0.0011543635167564263,6,0.002601,365.5,404.0,378.0,330.0,386.0,372.7
东海,26,0.04126984126984127,0.0001682354623531094,1.1666859472322093,0.015024984304107914,0.0011432706910675498,4,0.001734,378.5,409.5,373.0,312.0,391.0,372.8
天外,26,0.04126984126984127,0.0004895651954475484,1.1581713298290501,0.007131779146242531,0.0012467043281055954,10,0.004335,378.5,329.5,382.0,433.0,351.0,374.8
无力,27,0.04285714285714286,3.532944709415297e-05,1.094194921310946,0.017695695275123116,0.0013350481852551844,5,0.002167,365.5,481.5,447.0,266.0,319.0,375.8
对酒,25,0.03968253968253968,0.0002750649809473339,1.170107478216513,0.010133979466094331,0.0012206336272772534,5,0.002167,388.5,377.5,369.0,381.0,363.0,375.8
车马,21,0.03333333333333333,0.0005333064156593568,1.1911906347457828,0.010240576793688056,0.0009704744969684745,9,0.003901,422.5,321.0,334.0,377.0,438.0,378.5
罗衣,25,0.03968253968253968,0.00019767666826490357,1.1511830268507393,0.01016533068373967,0.00125706834667851,7,0.003034,388.5,393.0,387.0,379.0,346.0,378.7
山阴,27,0.04285714285714286,5.720005720005719e-05,1.1503202684260296,0.015250687371448853,0.0011499814361352048,5,0.002167,365.5,459.0,388.0,306.0,388.0,381.3
白蘋,28,0.044444444444444446,1.0094127741186564e-05,1.0924939259722128,0.015293589561175576,0.0013909520758123588,3,0.0013,352.5,512.5,448.0,305.0,300.0,383.6
桃花,23,0.03650793650793651,0.0016352486940722235,1.1214568032898387,0.00557416392819434,0.0010449232706695563,23,0.00997,403.0,211.0,420.0,473.0,414.0,384.2
月光,26,0.04126984126984127,0.0003028238322355969,1.1424929212952077,0.008292688990761764,0.0012095873107626333,12,0.005202,378.5,371.0,400.0,410.0,368.0,385.5
圣主,24,0.0380952380952381,0.0006746242040359689,1.135665329190604,0.005610115939773248,0.001242692666520007,9,0.003901,396.0,305.0,410.0,469.0,355.0,387.0
乾坤,26,0.04126984126984127,7.991184461772696e-05,1.1009403061253644,0.013205884843558443,0.001272026375152648,4,0.001734,378.5,448.0,440.0,331.0,341.0,387.7
青山,22,0.03492063492063492,0.001758901758901759,1.1674734059240748,0.004505783969759166,0.0009578697750868853,26,0.01127,411.0,201.0,371.0,512.0,449.0,388.8
名利,28,0.044444444444444446,1.5141191611779846e-05,1.0984255264398304,0.015045954146485623,0.0012826935669882807,3,0.0013,352.5,503.0,441.0,311.0,338.0,389.1
风景,24,0.0380952380952381,0.0006712594947889066,1.134035165976883,0.005583916890921561,0.0012209537508968032,12,0.005202,396.0,307.0,413.0,470.0,362.0,389.6
闲居,22,0.03492063492063492,0.0005011173638624619,1.198838257223707,0.006614819461288694,0.0009421837429273556,9,0.003901,411.0,327.0,320.0,442.0,455.0,391.0
世事,24,0.0380952380952381,8.916479504714798e-05,1.1298899640158564,0.014542161342206384,0.001090620475162223,3,0.0013,396.0,445.0,415.0,317.0,403.0,395.2
造化,22,0.03492063492063492,0.0006880830410242175,1.1432878217128226,0.005061685729841773,0.0011571815417398192,7,0.003034,411.0,302.0,399.0,497.0,383.0,398.4
路岐,16,0.025396825396825397,0.0022669728552081494,1.0616488857779245,0.005110830377474842,0.0011473975158922984,7,0.003034,468.5,170.0,473.0,494.0,389.0,398.9
苍梧,21,0.03333333333333333,0.00042605630840924954,1.1657206972732814,0.008108055858876763,0.0009702827222702895,10,0.004335,422.5,348.0,375.0,415.0,439.0,399.9
旌旗,18,0.02857142857142857,0.000856654974302033,1.1577135149259539,0.005776818764806604,0.0009790221046373827,10,0.004335,449.0,277.0,383.0,461.0,435.0,401.0
无情,24,0.0380952380952381,3.701180171768407e-05,1.1640907816750419,0.011599861393850004,0.001101207723913976,6,0.002601,396.0,479.0,379.0,358.0,401.0,402.6
花满,21,0.03333333333333333,0.00026076496664731956,1.1497213705007228,0.011333210219781242,0.000914510077305284,9,0.003901,422.5,381.0,390.0,362.0,464.0,403.9
君恩,22,0.03492063492063492,0.0001270177740765976,1.1916850166613076,0.008799102487999222,0.0009687079106549198,11,0.004768,411.0,428.0,333.0,407.0,442.0,404.2
承恩,21,0.03333333333333333,0.0005284275872511167,1.1696874169121596,0.006185076230035547,0.0009300471408464231,10,0.004335,422.5,323.0,370.0,452.0,459.0,405.3
送客,21,0.03333333333333333,0.00025908261202378847,1.176165290428815,0.0063286841079838625,0.0010281395372411213,6,0.002601,422.5,382.0,357.0,449.0,417.0,405.5
青草,19,0.03015873015873016,0.0006763065586594998,1.1469891167919448,0.006866167493788346,0.0009501626800698351,6,0.002601,440.0,304.0,394.0,438.0,452.0,405.6
故山,24,0.0380952380952381,7.31824261236026e-05,1.1037666613730834,0.012532164380363026,0.0010992205753810869,5,0.002167,396.0,450.5,437.0,343.0,402.0,405.7
寒山,23,0.03650793650793651,0.00015141191611779846,1.1125129225218788,0.009519576980777029,0.0011337188559139891,5,0.002167,403.0,416.0,426.0,391.0,393.0,405.8
江山,22,0.03492063492063492,0.00048325636560930677,1.1448823790367981,0.006407729862433332,0.0009489776686456255,12,0.005202,411.0,334.0,398.0,448.0,453.0,408.8
苍茫,22,0.03492063492063492,1.5141191611779846e-05,1.0806966627668497,0.015795674751721188,0.0011327021876187241,3,0.0013,411.0,503.0,455.0,293.0,394.0,411.2
庭前,20,0.031746031746031744,0.0001446824976236741,1.1670104722740595,0.0089147701603758,0.000981090671514505,7,0.003034,432.5,420.0,372.0,403.0,434.0,412.3
秋来,24,0.0380952380952381,0.0,1.1471777211094238,0.01597048511560166,0.0010797994323932976,3,0.0013,396.0,581.5,393.0,288.0,405.0,412.7
浮生,20,0.031746031746031744,0.00019515313632960688,1.1497797031214054,0.008075529060998156,0.000992563242457661,5,0.002167,432.5,396.0,389.0,416.0,430.0,412.7
日夕,22,0.03492063492063492,0.00018800312917959975,1.1563084045868925,0.007102868139473781,0.0009779785443164671,8,0.003468,411.0,399.0,384.0,434.0,436.0,412.8
万事,20,0.031746031746031744,0.0001127177597765833,1.1391595250646487,0.011344731737339308,0.0009830234432929726,5,0.002167,432.5,434.0,406.0,361.0,432.0,413.1
林下,21,0.03333333333333333,0.00014089719972072912,1.1404919353380394,0.010040942457863451,0.0009741812157092265,5,0.002167,422.5,422.0,401.0,383.0,437.0,413.1
先生,23,0.03650793650793651,0.0,1.1036213720181658,0.016628217882916563,0.0011720531409479447,3,0.0013,403.0,581.5,438.0,280.0,375.0,415.5
旧游,19,0.03015873015873016,0.00017412370353546823,1.1146501982277988,0.010548950605437016,0.0009689509372027034,5,0.002167,440.0,406.5,425.0,369.0,441.0,416.3
日斜,17,0.026984126984126985,0.001665531077295783,1.084874881560722,0.003835148598631902,0.0009935792280218033,11,0.004768,459.5,207.0,452.0,534.0,429.0,416.3
云雨,20,0.031746031746031744,0.0005156416921122803,1.1199631835747066,0.005214746503745896,0.0010346223633656674,10,0.004335,432.5,326.0,423.0,488.0,416.0,417.1
松风,21,0.03333333333333333,0.0003987180457768693,1.1062119597740805,0.005657187448352423,0.0010452785669012694,10,0.004335,422.5,352.0,433.0,466.0,413.0,417.3
月色,22,0.03492063492063492,5.047063870593282e-06,0.9963824138099082,0.01799708960080901,0.0011638354243244339,4,0.001734,411.0,525.0,517.0,262.0,378.0,418.6
南国,20,0.031746031746031744,0.00016150604385898503,1.135539841534658,0.00928173025995733,0.0009608442154499439,10,0.004335,432.5,411.5,411.0,393.0,448.0,419.2
花枝,14,0.022222222222222223,0.0015368309485956544,1.0599094520701013,0.005940218157689604,0.0009278845131777834,7,0.003034,485.5,217.0,475.0,457.0,462.0,419.3
雨露,20,0.031746031746031744,0.0002439414204120086,1.1363110983723224,0.006492227684511814,0.001007117649434758,9,0.003901,432.5,384.0,409.0,447.0,426.0,419.7
人归,20,0.031746031746031744,0.00018362900715841892,1.1366169641748942,0.006263424005843132,0.001058071029684675,6,0.002601,432.5,401.0,408.0,450.0,410.0,420.3
云飞,18,0.02857142857142857,0.0004629479419395386,1.1523140952739221,0.004975405931584845,0.0009695873052855455,10,0.004335,449.0,337.0,386.0,501.0,440.0,422.6
心事,21,0.03333333333333333,5.299417064122946e-05,1.094634609195185,0.010162151647703342,0.0010487919246928473,6,0.002601,422.5,461.5,446.0,380.0,411.0,424.2
万国,17,0.026984126984126985,0.001027077497665733,1.1254301454306737,0.0035224575711501286,0.0008491008558877327,17,0.007369,459.5,263.0,417.0,543.0,477.0,431.9
烟雨,21,0.03333333333333333,1.5141191611779846e-05,1.0623966048853417,0.011922386783667827,0.0010453759223963883,3,0.0013,422.5,503.0,472.0,352.0,412.0,432.3
独立,18,0.02857142857142857,0.000199863729275494,1.053892848325287,0.007302794298706748,0.0010242154708608251,2,0.000867,449.0,391.0,478.0,429.0,418.0,433.0
看花,22,0.03492063492063492,0.0,1.0087075995044255,0.015655673148868694,0.0011728620546069281,4,0.001734,411.0,581.5,504.0,299.0,374.0,433.9
惆怅,19,0.03015873015873016,0.0002700179170767406,1.1106370258047293,0.005716193105781768,0.0009212140006479512,7,0.003034,440.0,379.0,429.0,465.0,463.0,435.2
百里,18,0.02857142857142857,0.0001110354051530522,1.1052268715514486,0.009487387600346023,0.0009027710235008754,5,0.002167,449.0,435.5,435.0,392.0,465.0,435.3
道士,19,0.03015873015873016,4.710592945887064e-05,1.0556844755761439,0.007933084797667462,0.0011587472000400129,4,0.001734,440.0,469.0,477.0,417.0,382.0,437.0
天台,19,0.03015873015873016,0.00037222096045625455,1.067280153303308,0.004076596644730793,0.0011271090706675394,6,0.002601,440.0,361.0,468.0,524.0,395.0,437.6
东山,18,0.02857142857142857,0.0004887240181357828,1.1494668766240292,0.003344499037910416,0.000868624569089793,15,0.006502,449.0,332.0,392.0,552.0,469.0,438.8
东方,18,0.02857142857142857,0.00017664723547076487,1.0768105787484763,0.006194106880972563,0.0009822047067140863,5,0.002167,449.0,405.0,458.0,451.0,433.0,439.2
菊花,19,0.03015873015873016,0.00038357685416508946,1.1081163611743179,0.0044787613535569835,0.0009322101428066422,12,0.005202,440.0,358.0,431.0,514.0,457.0,440.0
弟子,20,0.031746031746031744,0.0,1.0779078664479065,0.01403054132254868,0.0010194883022113497,3,0.0013,432.5,581.5,457.0,324.0,420.0,443.0
飞鸟,21,0.03333333333333333,0.0,0.9889000226299568,0.01569320302263334,0.0011259231958286743,2,0.000867,422.5,581.5,522.0,296.0,396.0,443.6
武陵,19,0.03015873015873016,0.0001539354480530951,1.0956420921003316,0.004450336238697684,0.0010737091371375732,4,0.001734,440.0,414.0,444.0,517.0,408.0,444.6
柳色,18,0.02857142857142857,0.0002927297044944104,1.1234751693450236,0.005086962038598109,0.0008300968490681643,13,0.005635,449.0,374.0,419.0,496.0,486.0,444.8
宫殿,22,0.03492063492063492,0.0,1.0060650969726024,0.010580697390805404,0.001223609294442191,2,0.000867,411.0,581.5,508.0,368.0,361.0,445.9
乔木,14,0.022222222222222223,0.00019275578099107508,1.1729146701673094,0.005616091844534915,0.0006883062134849231,8,0.003468,485.5,397.0,365.0,468.0,519.0,446.9
风动,18,0.02857142857142857,4.542357483533954e-05,1.1061643461062312,0.007275110937310973,0.0009526404994110331,5,0.002167,449.0,471.5,434.0,431.0,451.0,447.3
春日,17,0.026984126984126985,0.0003848386201327378,1.0814739284573924,0.004594300882206409,0.000929856668726782,10,0.004335,459.5,357.0,454.0,510.0,460.0,448.1
沧浪,17,0.026984126984126985,7.234124881183705e-05,1.0653329662928699,0.008866115537715978,0.0009278961638308504,3,0.0013,459.5,452.5,469.0,404.0,461.0,449.2
宫中,17,0.026984126984126985,4.29000429000429e-05,1.0740967245070878,0.007426557157914006,0.0009950889335100473,3,0.0013,459.5,475.0,459.0,426.0,428.0,449.5
梦中,18,0.02857142857142857,0.0001716001716001716,1.0627301719625282,0.005560911543426434,0.0009461488037841802,6,0.002601,449.0,408.0,471.0,474.0,454.0,451.2
绮罗,16,0.025396825396825397,0.0003221709104062045,1.0905500365155099,0.005185461433985541,0.0008351981349555001,13,0.005635,468.5,365.0,449.0,491.0,483.0,451.3
花间,15,0.023809523809523808,0.00015015015015015014,1.1398379937403897,0.005193429193717019,0.0008460786601694826,6,0.002601,477.0,417.0,404.0,490.0,478.0,453.2
依然,17,0.026984126984126985,0.00044330044330044327,1.0965967003043238,0.0034814894408362,0.0008521121933695692,9,0.003901,459.5,343.0,443.0,548.0,476.0,453.9
古今,14,0.022222222222222223,0.00019178842708254473,1.0882429841648487,0.007203827166898022,0.0007272804671116892,5,0.002167,485.5,398.0,450.0,432.0,505.0,454.1
山僧,16,0.025396825396825397,6.325653384476914e-05,1.0071620266906602,0.008552622279348946,0.0009900717701093052,2,0.000867,468.5,458.0,506.0,408.0,431.0,454.3
月夜,18,0.02857142857142857,0.00039114744997097937,1.085212583619376,0.003197830960550859,0.0008880354558808875,13,0.005635,449.0,355.0,451.0,555.0,466.0,455.2
凄凉,17,0.026984126984126985,3.0282383223559693e-05,1.0180368102525499,0.009853185324039428,0.000963420765976469,4,0.001734,459.5,486.5,498.0,388.0,445.0,455.4
高树,15,0.023809523809523808,0.0002750649809473339,1.11771021414689,0.004459367932951965,0.0008305177253879384,4,0.001734,477.0,377.5,424.0,516.0,485.0,455.9
梦里,17,0.026984126984126985,5.0470638705932825e-05,1.0737623555597249,0.006135439776254269,0.0009677826249268701,4,0.001734,459.5,466.0,460.0,455.0,443.0,456.7
黄花,16,0.025396825396825397,3.532944709415297e-05,1.0652793460469914,0.009182491777200928,0.0008387407833249102,6,0.002601,468.5,481.5,470.0,396.0,482.0,459.6
夕阳,15,0.023809523809523808,0.00015645897998839176,1.0708782055948676,0.005168404469591071,0.0009313574407618768,9,0.003901,477.0,413.0,462.0,492.0,458.0,460.4
空山,15,0.023809523809523808,0.00013122366063542533,1.025975960650402,0.005577225122184297,0.0009619454922578446,12,0.005202,477.0,426.5,492.0,472.0,447.0,462.9
今朝,13,0.020634920634920634,0.0006435487107756015,1.0975862105317429,0.002928504388761183,0.0007116514833668808,22,0.009536,493.0,311.0,442.0,563.0,512.0,464.2
孤城,14,0.022222222222222223,0.00011608246902364549,1.007679533723967,0.007440987296681809,0.0008339667902809643,5,0.002167,485.5,431.5,505.0,425.0,484.0,466.2
暮雨,14,0.022222222222222223,2.5235319352966412e-05,1.1028247272923637,0.007689256355250683,0.0007231722802028391,7,0.003034,485.5,489.0,439.0,421.0,508.0,468.5
渭水,13,0.020634920634920634,0.0001842178312766548,1.0734215611114621,0.0044821782977895915,0.0008168709935593519,9,0.003901,493.0,400.0,461.0,513.0,487.0,470.8
可惜,16,0.025396825396825397,9.54736248853896e-05,1.0677774444692594,0.004999132248767725,0.0008399470675185424,4,0.001734,468.5,441.0,467.0,499.0,481.0,471.3
明朝,16,0.025396825396825397,0.00013122366063542533,1.0411800458313574,0.0047920094684120425,0.0008570649850488876,9,0.003901,468.5,426.5,482.0,506.0,474.0,471.4
霓裳,15,0.023809523809523808,0.00010598834128245892,1.061642838840231,0.005131805572268191,0.0008410299344455962,6,0.002601,477.0,437.0,474.0,493.0,479.0,472.0
愁人,17,0.026984126984126985,0.0,1.0431276058579761,0.00787316197552695,0.0010192864469905252,3,0.0013,459.5,581.5,481.0,418.0,421.0,472.2
昨日,12,0.01904761904761905,0.0001682354623531094,1.0062918124031446,0.0068797565822483605,0.0007230447881046644,2,0.000867,502.5,409.5,507.0,437.0,509.0,473.0
自知,15,0.023809523809523808,5.047063870593282e-06,1.05178072085538,0.007871984961873486,0.0008553923141839731,3,0.0013,477.0,525.0,479.0,419.0,475.0,475.0
经年,14,0.022222222222222223,7.065889418830595e-05,1.070638929697557,0.005220792906781334,0.0007689553956721042,5,0.002167,485.5,454.5,463.0,487.0,497.0,477.4
泉声,12,0.01904761904761905,0.0002212296329943389,1.1112328195226193,0.002811479556584713,0.0007352197905244581,6,0.002601,502.5,390.0,427.0,566.0,504.0,477.9
鸡鸣,13,0.020634920634920634,0.00019935902288843464,1.0386571575526578,0.003864121942405949,0.0008118715005774119,9,0.003901,493.0,392.0,485.0,533.0,490.0,478.6
马嘶,15,0.023809523809523808,9.421185891774125e-05,1.038252850779469,0.004770760306034025,0.0008408549012392122,4,0.001734,477.0,442.0,486.0,508.0,480.0,478.6
鬼神,16,0.025396825396825397,2.018825548237313e-05,1.0150757748990582,0.004533696601894384,0.0010146694420606673,4,0.001734,468.5,494.5,500.0,511.0,423.0,479.4
青天,17,0.026984126984126985,0.0,1.002865789279445,0.007824156625346653,0.0009984755756101942,2,0.000867,459.5,581.5,510.0,420.0,427.0,479.6
秋草,15,0.023809523809523808,5.047063870593282e-06,0.9888459743687984,0.008204988753611293,0.0008636149273454807,3,0.0013,477.0,525.0,523.0,412.0,473.0,482.0
莓苔,16,0.025396825396825397,4.037651096474626e-05,1.0337329271172049,0.003914397226197603,0.0009410482657804776,5,0.002167,468.5,477.0,488.0,528.0,456.0,483.5
巫峡,13,0.020634920634920634,7.570595805889923e-05,1.023675317383342,0.005100283271722856,0.0007871369740269162,4,0.001734,493.0,449.0,494.0,495.0,495.0,485.2
始知,10,0.015873015873015872,3.280591515885633e-05,1.0792963055929017,0.00666424168605425,0.0006061931600697004,7,0.003034,519.5,484.0,456.0,441.0,545.0,489.1
人心,13,0.020634920634920634,0.0001413177883766119,1.039715863676199,0.0031602944159618155,0.0008067887726827444,9,0.003901,493.0,421.0,484.0,557.0,492.0,489.4
家贫,15,0.023809523809523808,0.0,0.9935364163717711,0.007416807417066417,0.0009635946903136881,2,0.000867,477.0,581.5,518.0,427.0,444.0,489.5
尚书,11,0.01746031746031746,0.00012112953289423877,1.0680138514276438,0.0047971390723467525,0.0006070941896235889,7,0.003034,511.0,429.0,466.0,505.0,544.0,491.0
云深,13,0.020634920634920634,1.1776482364717656e-05,0.9977102897257561,0.006579366197431593,0.0007619884664761771,3,0.0013,493.0,508.0,516.0,444.0,498.0,491.8
昔年,11,0.01746031746031746,7.234124881183705e-05,1.051701814797287,0.005200042311347739,0.0006334361685481378,8,0.003468,511.0,452.5,480.0,489.0,537.0,493.9
江湖,9,0.014285714285714285,0.000196835490953138,1.1109612900457106,0.003414850651009781,0.0005402314474066922,4,0.001734,533.5,394.0,428.0,551.0,574.0,496.1
波涛,13,0.020634920634920634,1.5141191611779846e-05,0.973571202781281,0.005737884587195044,0.0008132259884826104,2,0.000867,493.0,503.0,536.0,464.0,488.0,496.8
楚客,14,0.022222222222222223,2.4394142041200867e-05,0.9981800373508513,0.003907295868264185,0.0008699827105753422,3,0.0013,485.5,490.0,515.0,529.0,468.0,497.5
风飘,12,0.01904761904761905,9.589421354127237e-05,1.023325433022756,0.0035427717241829186,0.0007183198851235552,5,0.002167,502.5,440.0,495.0,542.0,510.0,497.9
归心,12,0.01904761904761905,7.31824261236026e-05,1.056024758530636,0.003735602699800774,0.0006725297140166447,5,0.002167,502.5,450.5,476.0,538.0,523.0,498.0
山头,12,0.01904761904761905,3.0282383223559693e-05,0.9757417467953017,0.005430652567826597,0.0007464012521704769,4,0.001734,502.5,486.5,535.0,479.0,502.0,501.0
阳台,10,0.015873015873015872,5.0470638705932825e-05,1.06983841128371,0.0038748846307391106,0.000658807493235629,7,0.003034,519.5,466.0,464.0,532.0,528.0,501.9
交亲,10,0.015873015873015872,1.0094127741186564e-05,1.0353634755152143,0.005934385993405837,0.0005828624175589697,4,0.001734,519.5,512.5,487.0,458.0,555.0,506.4
十里,10,0.015873015873015872,1.0094127741186564e-05,1.0279192108952036,0.00355902963887796,0.0008643495008513884,5,0.002167,519.5,512.5,491.0,540.0,472.0,507.0
鹧鸪,11,0.01746031746031746,0.0,1.011132417044281,0.007307222221671345,0.0007082650367978044,3,0.0013,511.0,581.5,501.0,428.0,515.0,507.3
子孙,10,0.015873015873015872,0.0001110354051530522,0.9857039522511863,0.0034934371738422356,0.0007084287096775394,4,0.001734,519.5,435.5,526.0,546.0,514.0,508.2
细雨,12,0.01904761904761905,0.0,0.9766772465565293,0.007502024778174097,0.0007363791313088193,2,0.000867,502.5,581.5,532.0,423.0,503.0,508.4
所以,14,0.022222222222222223,0.0,1.006013636537199,0.004999486171256894,0.000866545870014758,3,0.0013,485.5,581.5,509.0,498.0,471.0,509.0
夫子,12,0.01904761904761905,0.0,1.002277047770174,0.007089802289680975,0.0007018836868402148,3,0.0013,502.5,581.5,511.0,435.0,517.0,509.4
阑干,12,0.01904761904761905,0.0,0.9779575903382037,0.00658406053266772,0.0007940497891387043,2,0.000867,502.5,581.5,529.0,443.0,493.0,509.8
丹青,10,0.015873015873015872,0.00011608246902364549,1.0332927989516494,0.002809323768289736,0.0005944087307765886,12,0.005202,519.5,431.5,489.0,567.0,550.0,511.4
永日,11,0.01746031746031746,2.018825548237313e-05,0.9495508086596247,0.0047989662591666205,0.0007600959972640102,3,0.0013,511.0,494.5,554.0,504.0,499.0,512.5
功成,9,0.014285714285714285,1.5141191611779846e-05,1.030552132945609,0.005426223990036604,0.000581652739843249,6,0.002601,533.5,503.0,490.0,481.0,556.0,512.7
是非,12,0.01904761904761905,0.0,0.9771938148886649,0.005636564665926074,0.0007582855811626584,3,0.0013,502.5,581.5,531.0,467.0,500.0,516.4
英雄,12,0.01904761904761905,0.0,0.9264158043642278,0.006151748159400406,0.0008087724365134363,3,0.0013,502.5,581.5,561.0,454.0,491.0,518.0
孤舟,10,0.015873015873015872,4.542357483533954e-05,0.972057025031047,0.002657875005515775,0.0007930495490931539,6,0.002601,519.5,471.5,538.0,572.0,494.0,519.0
临风,9,0.014285714285714285,0.00010430598665892784,1.04000176278648,0.00242332902586392,0.0005675516053800924,6,0.002601,533.5,438.0,483.0,580.0,564.0,519.7
水流,12,0.01904761904761905,0.0,0.988671384270678,0.004988800181982737,0.0007824661461601858,5,0.002167,502.5,581.5,524.0,500.0,496.0,520.8
野花,9,0.014285714285714285,1.0094127741186564e-05,1.0689588583356504,0.004461975431829252,0.0005289371128271751,6,0.002601,533.5,512.5,465.0,515.0,579.0,521.0
谢公,10,0.015873015873015872,1.5141191611779846e-05,0.9635474977779562,0.004821355279888853,0.0006440627864217127,4,0.001734,519.5,503.0,545.0,503.0,536.0,521.3
壮士,9,0.014285714285714285,4.542357483533954e-05,1.0246246213698944,0.003457771779206301,0.0005726893785211402,3,0.0013,533.5,471.5,493.0,549.0,562.0,521.8
兄弟,10,0.015873015873015872,5.047063870593282e-06,1.001136534689136,0.003881171765775828,0.0006486729052006885,4,0.001734,519.5,525.0,513.0,531.0,533.0,524.3
人皆,12,0.01904761904761905,0.0,1.0016776319575054,0.0039662708586676075,0.0007495637686791197,2,0.000867,502.5,581.5,512.0,527.0,501.0,524.8
丹砂,11,0.01746031746031746,5.047063870593282e-06,0.9645554532024426,0.0038328455841864467,0.0007155065674099958,4,0.001734,511.0,525.0,544.0,535.0,511.0,525.2
石上,9,0.014285714285714285,6.561183031771266e-05,0.958806855635211,0.002038832622913759,0.000726885812433201,3,0.0013,533.5,457.0,550.0,587.0,506.0,526.7
往来,9,0.014285714285714285,8.411773117655469e-06,0.9916805057517689,0.004374628434437728,0.0005757196409412615,5,0.002167,533.5,517.0,519.0,519.0,559.0,529.5
汉宫,8,0.012698412698412698,1.0094127741186564e-05,0.9734870808969881,0.005386995245537777,0.0005341404251616698,7,0.003034,552.0,512.5,537.0,484.0,575.0,532.1
独自,9,0.014285714285714285,0.0,0.9898776400936192,0.00538603856536436,0.0006141047395767184,3,0.0013,533.5,581.5,521.0,485.0,541.0,532.4
霄汉,10,0.015873015873015872,5.047063870593282e-06,1.0110537803674777,0.0018963752761675568,0.0006707677809144496,4,0.001734,519.5,525.0,502.0,592.0,524.0,532.5
夜雨,10,0.015873015873015872,0.0,0.9484476832042621,0.005347563707432696,0.0006813676854793202,2,0.000867,519.5,581.5,555.0,486.0,522.0,532.8
向东,8,0.012698412698412698,1.0094127741186564e-05,1.019221588925203,0.004409066609575561,0.0005149920531320868,4,0.001734,552.0,512.5,497.0,518.0,585.0,532.9
月中,7,0.011111111111111112,5.0470638705932825e-05,1.016343526641571,0.0026284922034316527,0.0005737962497130451,5,0.002167,566.5,466.0,499.0,573.0,560.0,532.9
深山,9,0.014285714285714285,0.0,0.9224976607765566,0.005779447703980207,0.000650386269500611,3,0.0013,533.5,581.5,562.0,460.0,532.0,533.8
九衢,8,0.012698412698412698,0.0,0.8833448099687723,0.008181699769173252,0.0006049876591994435,5,0.002167,552.0,581.5,576.0,414.0,546.0,533.9
连天,9,0.014285714285714285,0.0,1.0209792352837979,0.004912947696126845,0.0005684122682593591,3,0.0013,533.5,581.5,496.0,502.0,563.0,535.2
流年,8,0.012698412698412698,0.0,0.970377754243396,0.007283807216219274,0.0005336105828127132,3,0.0013,552.0,581.5,539.0,430.0,576.0,535.7
千古,8,0.012698412698412698,4.542357483533954e-05,0.958757431376408,0.0022041986675415317,0.0006553497388426908,4,0.001734,552.0,471.5,551.0,584.0,529.0,537.5
梦魂,9,0.014285714285714285,0.0,0.867915370767991,0.005461312399959709,0.0006834677539463258,1,0.000433,533.5,581.5,581.0,477.0,521.0,538.8
秋日,8,0.012698412698412698,2.018825548237313e-05,0.9869679173905848,0.003143717322014064,0.0005674123264174384,4,0.001734,552.0,494.5,525.0,558.0,565.0,538.9
歌声,8,0.012698412698412698,5.047063870593282e-06,0.9775787791518589,0.004203512035925465,0.0005621683331060773,4,0.001734,552.0,525.0,530.0,521.0,567.0,539.0
江城,9,0.014285714285714285,0.0,0.97868556591139,0.00401361269818421,0.0006485007327344311,3,0.0013,533.5,581.5,527.0,526.0,534.0,540.4
咫尺,10,0.015873015873015872,0.0,0.9657470477346523,0.003553839020035322,0.0006982745711134204,2,0.000867,519.5,581.5,542.0,541.0,518.0,540.4
池塘,8,0.012698412698412698,1.0094127741186564e-05,0.9654630348838574,0.0031287253229292586,0.0006459704485599447,3,0.0013,552.0,512.5,543.0,560.0,535.0,540.5
沧洲,8,0.012698412698412698,5.047063870593282e-06,0.9779626608081466,0.003455070842863681,0.0005967998842323135,4,0.001734,552.0,525.0,528.0,550.0,549.0,540.8
重阳,8,0.012698412698412698,7.065889418830595e-05,0.9990360491454376,0.0009346327574762843,0.0005563669626373338,11,0.004768,552.0,454.5,514.0,616.0,569.0,541.1
临水,8,0.012698412698412698,2.018825548237313e-05,0.9553383115224213,0.00382999687710632,0.0005481482590170524,3,0.0013,552.0,494.5,552.0,536.0,572.0,541.3
远近,9,0.014285714285714285,1.0094127741186564e-05,0.9515819673350276,0.0017904144587513392,0.0007035729306264628,4,0.001734,533.5,512.5,553.0,594.0,516.0,541.8
自由,8,0.012698412698412698,0.0,0.8419940687318261,0.005485099867039408,0.0006839921371848261,1,0.000433,552.0,581.5,588.0,476.0,520.0,543.5
老去,8,0.012698412698412698,0.0,0.8981733604578458,0.005761914814837489,0.0005902071008879342,2,0.000867,552.0,581.5,571.0,462.0,553.0,543.9
君家,8,0.012698412698412698,0.0,0.8810873455856492,0.005439224934015512,0.0006145522633892283,1,0.000433,552.0,581.5,577.0,478.0,539.0,545.5
秋雨,9,0.014285714285714285,0.0,0.9625521250050127,0.003885454685562292,0.0006234226278797508,2,0.000867,533.5,581.5,547.0,530.0,538.0,546.0
远山,7,0.011111111111111112,1.5141191611779846e-05,0.8869669806774749,0.0024390235637845353,0.0007114011553808001,4,0.001734,566.5,503.0,574.0,578.0,513.0,546.9
东风,8,0.012698412698412698,5.047063870593282e-06,0.9278112864596553,0.0025222854896745223,0.0006698035150057028,6,0.002601,552.0,525.0,560.0,576.0,525.0,547.6
明时,9,0.014285714285714285,0.0,0.9281401089193633,0.004125099509074404,0.0006081744625894846,3,0.0013,533.5,581.5,559.0,523.0,543.0,548.0
满眼,7,0.011111111111111112,0.0,0.8048446075337836,0.006759305930351159,0.0005993104140085832,1,0.000433,566.5,581.5,606.0,439.0,548.0,548.2
西风,7,0.011111111111111112,0.0,0.9670920466574202,0.00576013021594463,0.0004900366554365455,3,0.0013,566.5,581.5,541.0,463.0,590.0,548.4
苍苔,8,0.012698412698412698,0.0,0.8582461249465442,0.004779884996939502,0.0006509103772873833,1,0.000433,552.0,581.5,582.0,507.0,531.0,550.7
月出,9,0.014285714285714285,0.0,0.9336309209278052,0.002449640569963022,0.0007268314041948167,2,0.000867,533.5,581.5,557.0,577.0,507.0,551.2
曲江,8,0.012698412698412698,0.0,0.9901624577933232,0.003822991622094135,0.0005522414559011777,3,0.0013,552.0,581.5,520.0,537.0,571.0,552.3
回头,8,0.012698412698412698,0.0,0.915009462287137,0.004067470111267924,0.0006126086815349921,2,0.000867,552.0,581.5,565.0,525.0,542.0,553.1
长江,5,0.007936507936507936,3.532944709415297e-05,0.9764502624065162,0.0032925665862709717,0.000415940116574777,2,0.000867,590.0,481.5,534.0,553.0,609.0,553.5
雨后,8,0.012698412698412698,0.0,0.8389400685757337,0.002933916270336614,0.0008124626779783521,2,0.000867,552.0,581.5,593.0,562.0,489.0,555.5
人世,7,0.011111111111111112,7.570595805889923e-06,0.9673687273036294,0.002372969297714957,0.0005232520170310651,3,0.0013,566.5,518.0,540.0,581.0,582.0,557.5
归客,8,0.012698412698412698,0.0,0.8409519452680817,0.0035733105750838843,0.0006524650784670178,1,0.000433,552.0,581.5,590.0,539.0,530.0,558.5
水声,8,0.012698412698412698,0.0,0.9595314869107515,0.0030081287053122917,0.0005905911039956864,4,0.001734,552.0,581.5,548.0,561.0,551.0,558.7
月落,6,0.009523809523809525,3.532944709415297e-05,0.9145929644297448,0.001888560750666547,0.0005006548235989746,2,0.000867,577.0,481.5,566.0,593.0,589.0,561.3
怜君,7,0.011111111111111112,0.0,0.854829039626345,0.0041767599120926206,0.0005787072814364476,1,0.000433,566.5,581.5,583.0,522.0,557.0,562.0
秋声,5,0.007936507936507936,3.0282383223559693e-05,0.8750809000138161,0.003139344775076901,0.0004591043455953751,1,0.000433,590.0,486.5,578.0,559.0,597.0,562.1
相随,6,0.009523809523809525,5.047063870593282e-06,0.9631346263939556,0.002241912528611906,0.0004828030009231837,3,0.0013,577.0,525.0,546.0,582.0,592.0,564.4
城下,6,0.009523809523809525,0.0,1.01055110959763,0.003237510006402082,0.00042803131387654633,4,0.001734,577.0,581.5,503.0,554.0,607.0,564.5
夜来,7,0.011111111111111112,0.0,0.906121707773796,0.0026659166076049598,0.000614171688841418,3,0.0013,566.5,581.5,568.0,571.0,540.0,565.4
孤云,5,0.007936507936507936,0.0,0.8720283912733588,0.005513919290347656,0.0004462742005601906,2,0.000867,590.0,581.5,580.0,475.0,603.0,565.9
天寒,6,0.009523809523809525,0.0,0.8442185929521007,0.0042862360310183655,0.0005578033868046875,1,0.000433,577.0,581.5,586.0,520.0,568.0,566.5
汉水,6,0.009523809523809525,0.0,0.9590530226423116,0.003517901765754937,0.0005211847820626767,3,0.0013,577.0,581.5,549.0,544.0,584.0,567.1
当年,3,0.004761904761904762,3.0282383223559693e-05,0.8296020073650645,0.0015063075097529839,0.0005735910823447786,2,0.000867,606.5,486.5,598.0,597.0,561.0,569.8
读书,7,0.011111111111111112,0.0,0.9035121945578071,0.0027258827749790473,0.0005640824430972613,2,0.000867,566.5,581.5,569.0,568.0,566.0,570.2
珍重,6,0.009523809523809525,0.0,0.8439713951730118,0.0035094353003580522,0.0005405382135656175,1,0.000433,577.0,581.5,587.0,545.0,573.0,572.7
半夜,5,0.007936507936507936,0.0,0.9413766914781536,0.0028537176433868585,0.00047706639093510753,3,0.0013,590.0,581.5,556.0,565.0,594.0,577.3
微雨,6,0.009523809523809525,0.0,0.8224005815014367,0.0026257697544358784,0.0005872433037010733,1,0.000433,577.0,581.5,601.0,574.0,554.0,577.5
草色,5,0.007936507936507936,0.0,0.9291988636776949,0.002666908283314197,0.0005077508998552164,3,0.0013,590.0,581.5,558.0,570.0,588.0,577.5
新诗,4,0.006349206349206349,5.047063870593282e-06,0.7939195040982188,0.0010789065848310062,0.0006036150887186771,3,0.0013,599.5,525.0,609.0,609.0,547.0,577.9
至今,6,0.009523809523809525,0.0,0.9084658491918918,0.0024328849329824874,0.0005129274548119624,3,0.0013,577.0,581.5,567.0,579.0,587.0,578.3
星辰,6,0.009523809523809525,0.0,0.9204124564572043,0.0022385156259453597,0.00048290925359844694,3,0.0013,577.0,581.5,564.0,583.0,591.0,579.3
从容,6,0.009523809523809525,0.0,0.886188141284334,0.0020307892518541997,0.0005313957344848064,3,0.0013,577.0,581.5,575.0,588.0,577.0,579.7
新月,5,0.007936507936507936,0.0,0.8985785809044289,0.0028708808927810437,0.0004733870353266866,2,0.000867,590.0,581.5,570.0,564.0,595.0,580.1
花时,5,0.007936507936507936,0.0,0.8467554829836824,0.003493408895540479,0.0004586062443211308,3,0.0013,590.0,581.5,585.0,547.0,598.0,580.3
日出,6,0.009523809523809525,0.0,0.8877880504954396,0.001498314902817033,0.0005556003070364449,2,0.000867,577.0,581.5,573.0,600.0,570.0,580.3
吾道,6,0.009523809523809525,0.0,0.7895474960179172,0.0019114013610144168,0.0005902205741430747,1,0.000433,577.0,581.5,611.0,590.0,552.0,582.3
水边,5,0.007936507936507936,0.0,0.8521155977098314,0.0031835882017080494,0.00045679791818079767,3,0.0013,590.0,581.5,584.0,556.0,600.0,582.3
山高,6,0.009523809523809525,0.0,0.8921634453174813,0.0013000516236706798,0.0005292967039362021,4,0.001734,577.0,581.5,572.0,604.0,578.0,582.5
近来,5,0.007936507936507936,0.0,0.6885116401253262,0.0015024287581271146,0.0006665583553890885,1,0.000433,590.0,581.5,625.5,598.5,526.5,584.4
夜深,5,0.007936507936507936,0.0,0.6885116401253262,0.0015024287581271146,0.0006665583553890885,1,0.000433,590.0,581.5,625.5,598.5,526.5,584.4
晚来,5,0.007936507936507936,0.0,0.8738812838823019,0.0021756609588012127,0.00045243693187376616,3,0.0013,590.0,581.5,579.0,585.0,601.0,587.3
圣朝,4,0.006349206349206349,0.0,0.9216989743322109,0.0013829949233637477,0.00047808242883303013,2,0.000867,599.5,581.5,563.0,603.0,593.0,588.0
清秋,5,0.007936507936507936,0.0,0.8288329142295848,0.0019022389953389021,0.0005250327758984923,2,0.000867,590.0,581.5,599.0,591.0,580.0,588.3
他日,5,0.007936507936507936,0.0,0.8404577547558226,0.0010782705837580795,0.0005233320393027832,3,0.0013,590.0,581.5,591.0,610.0,581.0,590.7
随风,2,0.0031746031746031746,1.5141191611779846e-05,0.8300584573675304,0.0002177370188135384,0.00033777685398552154,2,0.000867,618.0,503.0,597.0,627.0,619.0,592.8
湖上,4,0.006349206349206349,0.0,0.8379276953202542,0.0019835511678345957,0.00042459440303208273,2,0.000867,599.5,581.5,595.0,589.0,608.0,594.6
行客,3,0.004761904761904762,0.0,0.8034300392314888,0.0027181259417559047,0.0003729442931683523,1,0.000433,606.5,581.5,607.0,569.0,614.0,595.6
眼前,4,0.006349206349206349,0.0,0.8133066878398713,0.0015235218468877562,0.0004578827496055065,1,0.000433,599.5,581.5,604.0,595.0,599.0,595.8
往事,4,0.006349206349206349,0.0,0.7123964067069005,0.0008357827545871705,0.0005769706260578652,1,0.000433,599.5,581.5,622.0,618.0,558.0,595.8
依稀,3,0.004761904761904762,0.0,0.753577428521593,0.0025911312914276763,0.000393166999964419,1,0.000433,606.5,581.5,615.0,575.0,610.0,597.6
世间,3,0.004761904761904762,0.0,0.8342471904378713,0.0009858858963470336,0.0004299812909585836,2,0.000867,606.5,581.5,596.0,612.0,605.0,600.2
相访,3,0.004761904761904762,0.0,0.8392826751689252,0.0012021767063165093,0.00036997316950251516,1,0.000433,606.5,581.5,592.0,607.0,615.0,600.4
青冥,3,0.004761904761904762,0.0,0.8235670407042793,0.0010526952188809001,0.00043100216063950484,1,0.000433,606.5,581.5,600.0,611.0,604.0,600.6
闭门,4,0.006349206349206349,0.0,0.693724133669814,0.0009721585193837298,0.00051369145146067,1,0.000433,599.5,581.5,624.0,613.0,586.0,600.8
九天,3,0.004761904761904762,0.0,0.7462703990748123,0.0014383900516248993,0.0004500798621191266,1,0.000433,606.5,581.5,616.0,602.0,602.0,601.6
题诗,3,0.004761904761904762,0.0,0.8017021995609713,0.001456146332722348,0.0003778031918529628,1,0.000433,606.5,581.5,608.0,601.0,612.0,601.8
终日,2,0.0031746031746031746,0.0,0.8096808339940843,0.002169974241265759,0.00031765736443206607,3,0.0013,618.0,581.5,605.0,586.0,624.0,602.9
杏花,2,0.0031746031746031746,0.0,0.8380521411086868,0.001513806759852971,0.00031425784051508643,2,0.000867,618.0,581.5,594.0,596.0,626.0,603.1
文字,2,0.0031746031746031746,0.0,0.8184420827641372,0.0012435661552741737,0.000340893968390244,2,0.000867,618.0,581.5,603.0,606.0,617.0,605.1
人稀,2,0.0031746031746031746,0.0,0.841934088743504,0.0006006801044726055,0.00031436514536119405,1,0.000433,618.0,581.5,589.0,620.0,625.0,606.7
到处,2,0.0031746031746031746,0.0,0.5915604382182073,0.00040397066119931077,0.0005226025238682672,1,0.000433,618.0,581.5,630.0,623.0,583.0,607.1
红叶,2,0.0031746031746031746,0.0,0.7738808273054323,0.0009420134300748726,0.00038499214325584557,1,0.000433,618.0,581.5,612.0,615.0,611.0,607.5
满地,2,0.0031746031746031746,0.0,0.762554981182467,0.0012537300121214098,0.00033361586262580396,1,0.000433,618.0,581.5,613.0,605.0,620.0,607.5
年少,2,0.0031746031746031746,0.0,0.8193342650291053,0.0009561097138868791,0.00032270186592647993,1,0.000433,618.0,581.5,602.0,614.0,623.0,607.7
老人,2,0.0031746031746031746,0.0,0.688179800050364,0.000756410602258528,0.0004650981664311477,1,0.000433,618.0,581.5,627.0,619.0,596.0,608.3
登楼,2,0.0031746031746031746,0.0,0.7413939545797844,0.0010866021854311065,0.00034084211059671955,2,0.000867,618.0,581.5,617.0,608.0,618.0,608.5
水清,2,0.0031746031746031746,0.0,0.7896819752011907,0.0008956148300300705,0.0003273934342711196,2,0.000867,618.0,581.5,610.0,617.0,622.0,609.7
山色,2,0.0031746031746031746,0.0,0.7314126121579592,0.0005524208490105458,0.00035285997649644064,2,0.000867,618.0,581.5,620.0,621.0,616.0,611.3
雨中,2,0.0031746031746031746,0.0,0.6972602383015027,0.0002911450927301382,0.00037699274429609544,1,0.000433,618.0,581.5,623.0,625.0,613.0,612.1
扬州,2,0.0031746031746031746,0.0,0.5898343957450755,0.0002797475517868153,0.0004288757651838914,2,0.000867,618.0,581.5,631.0,626.0,606.0,612.5
春雨,1,0.0015873015873015873,0.0,0.7539892746725145,0.00030846688237401204,0.00028379717535491507,2,0.000867,628.5,581.5,614.0,624.0,631.0,615.8
江边,1,0.0015873015873015873,0.0,0.732550518454083,0.0004129735882579362,0.000290170945643023,1,0.000433,628.5,581.5,619.0,622.0,630.0,616.2
溪水,1,0.0015873015873015873,0.0,0.7329602688112938,7.422684136888882e-05,0.0002995737835544154,2,0.000867,628.5,581.5,618.0,631.0,628.0,617.4
钓鱼,1,0.0015873015873015873,0.0,0.7283244024865619,0.0002004042353317071,0.0002955731880628675,1,0.000433,628.5,581.5,621.0,628.0,629.0,617.6
遥知,1,0.0015873015873015873,0.0,0.6037682799903291,0.00012782862233759232,0.00033125862061233845,1,0.000433,628.5,581.5,629.0,630.0,621.0,618.0
杯酒,1,0.0015873015873015873,0.0,0.643420350356005,0.00016549708625791657,0.0003127063494559236,1,0.000433,628.5,581.5,628.0,629.0,627.0,618.8
